Item ID	QA_Manufacturer Name	Value
00125013	DYMO CORPORATION	DYMO
00125088	DYMO CORPORATION	DYMO
00125187	DYMO CORPORATION	DYMO
00125286	DYMO CORPORATION	DYMO
00125617	DYMO CORPORATION	DYMO
00125625	DYMO CORPORATION	DYMO
00125633	DYMO CORPORATION	DYMO
00126169	DYMO CORPORATION	DYMO
00126177	DYMO CORPORATION	DYMO
00126185	DYMO CORPORATION	DYMO
00127001	DYMO CORPORATION	DYMO
00127019	DYMO CORPORATION	DYMO
00127027	DYMO CORPORATION	DYMO
00127035	DYMO CORPORATION	DYMO
00127043	DYMO CORPORATION	DYMO
00127050	DYMO CORPORATION	DYMO
00127068	DYMO CORPORATION	DYMO
00127076	DYMO CORPORATION	DYMO
00127084	DYMO CORPORATION	DYMO
00127092	DYMO CORPORATION	DYMO
00226951	MHC TRADING CO (MEASURING)	#NA
00227355	MHC TRADING CO (MEASURING)	#NA
00274019	Scientific Cutting Tools	SCIENTIFIC CUTTING TOOLS INC
00274027	Scientific Cutting Tools	SCIENTIFIC CUTTING TOOLS INC
00274035	Scientific Cutting Tools	SCIENTIFIC CUTTING TOOLS INC
00274043	Scientific Cutting Tools	SCIENTIFIC CUTTING TOOLS INC
00274050	Scientific Cutting Tools	SCIENTIFIC CUTTING TOOLS INC
00274068	Scientific Cutting Tools	SCIENTIFIC CUTTING TOOLS INC
00274076	Scientific Cutting Tools	SCIENTIFIC CUTTING TOOLS INC
00274084	Scientific Cutting Tools	SCIENTIFIC CUTTING TOOLS INC
00274092	Scientific Cutting Tools	SCIENTIFIC CUTTING TOOLS INC
00274100	Scientific Cutting Tools	SCIENTIFIC CUTTING TOOLS INC
00274118	Scientific Cutting Tools	SCIENTIFIC CUTTING TOOLS INC
00274126	Scientific Cutting Tools	SCIENTIFIC CUTTING TOOLS INC
00274134	Scientific Cutting Tools	SCIENTIFIC CUTTING TOOLS INC
00274142	Scientific Cutting Tools	SCIENTIFIC CUTTING TOOLS INC
00274159	Scientific Cutting Tools	SCIENTIFIC CUTTING TOOLS INC
00274167	Scientific Cutting Tools	SCIENTIFIC CUTTING TOOLS INC
00274175	Scientific Cutting Tools	SCIENTIFIC CUTTING TOOLS INC
00274183	Scientific Cutting Tools	SCIENTIFIC CUTTING TOOLS INC
00274191	Scientific Cutting Tools	SCIENTIFIC CUTTING TOOLS INC
00274209	Scientific Cutting Tools	SCIENTIFIC CUTTING TOOLS INC
00274217	Scientific Cutting Tools	SCIENTIFIC CUTTING TOOLS INC
00274225	Scientific Cutting Tools	SCIENTIFIC CUTTING TOOLS INC
00274233	Scientific Cutting Tools	SCIENTIFIC CUTTING TOOLS INC
00274241	Scientific Cutting Tools	SCIENTIFIC CUTTING TOOLS INC
00274258	Scientific Cutting Tools	SCIENTIFIC CUTTING TOOLS INC
00274266	Scientific Cutting Tools	SCIENTIFIC CUTTING TOOLS INC
00274274	Scientific Cutting Tools	SCIENTIFIC CUTTING TOOLS INC
00274282	Scientific Cutting Tools	SCIENTIFIC CUTTING TOOLS INC
00274290	Scientific Cutting Tools	SCIENTIFIC CUTTING TOOLS INC
00274308	Scientific Cutting Tools	SCIENTIFIC CUTTING TOOLS INC
00274316	Scientific Cutting Tools	SCIENTIFIC CUTTING TOOLS INC
00274324	Scientific Cutting Tools	SCIENTIFIC CUTTING TOOLS INC
00274332	Scientific Cutting Tools	SCIENTIFIC CUTTING TOOLS INC
00274340	Scientific Cutting Tools	SCIENTIFIC CUTTING TOOLS INC
00274357	Scientific Cutting Tools	SCIENTIFIC CUTTING TOOLS INC
00274365	Scientific Cutting Tools	SCIENTIFIC CUTTING TOOLS INC
00274373	Scientific Cutting Tools	SCIENTIFIC CUTTING TOOLS INC
00274381	Scientific Cutting Tools	SCIENTIFIC CUTTING TOOLS INC
00274399	Scientific Cutting Tools	SCIENTIFIC CUTTING TOOLS INC
00274407	Scientific Cutting Tools	SCIENTIFIC CUTTING TOOLS INC
00274415	Scientific Cutting Tools	SCIENTIFIC CUTTING TOOLS INC
00274423	Scientific Cutting Tools	SCIENTIFIC CUTTING TOOLS INC
00274431	Scientific Cutting Tools	SCIENTIFIC CUTTING TOOLS INC
00274449	Scientific Cutting Tools	SCIENTIFIC CUTTING TOOLS INC
00274456	Scientific Cutting Tools	SCIENTIFIC CUTTING TOOLS INC
00274464	Scientific Cutting Tools	SCIENTIFIC CUTTING TOOLS INC
00274472	Scientific Cutting Tools	SCIENTIFIC CUTTING TOOLS INC
00274480	Scientific Cutting Tools	SCIENTIFIC CUTTING TOOLS INC
00274498	Scientific Cutting Tools	SCIENTIFIC CUTTING TOOLS INC
00274506	Scientific Cutting Tools	SCIENTIFIC CUTTING TOOLS INC
00274514	Scientific Cutting Tools	SCIENTIFIC CUTTING TOOLS INC
00274522	Scientific Cutting Tools	SCIENTIFIC CUTTING TOOLS INC
00274530	Scientific Cutting Tools	SCIENTIFIC CUTTING TOOLS INC
00274548	Scientific Cutting Tools	SCIENTIFIC CUTTING TOOLS INC
00274555	Scientific Cutting Tools	SCIENTIFIC CUTTING TOOLS INC
00274563	Scientific Cutting Tools	SCIENTIFIC CUTTING TOOLS INC
00274571	Scientific Cutting Tools	SCIENTIFIC CUTTING TOOLS INC
00274589	Scientific Cutting Tools	SCIENTIFIC CUTTING TOOLS INC
00274597	Scientific Cutting Tools	SCIENTIFIC CUTTING TOOLS INC
00274605	Scientific Cutting Tools	SCIENTIFIC CUTTING TOOLS INC
00274613	Scientific Cutting Tools	SCIENTIFIC CUTTING TOOLS INC
00274621	Scientific Cutting Tools	SCIENTIFIC CUTTING TOOLS INC
00274639	Scientific Cutting Tools	SCIENTIFIC CUTTING TOOLS INC
00274647	Scientific Cutting Tools	SCIENTIFIC CUTTING TOOLS INC
00274654	Scientific Cutting Tools	SCIENTIFIC CUTTING TOOLS INC
00274662	Scientific Cutting Tools	SCIENTIFIC CUTTING TOOLS INC
00274670	Scientific Cutting Tools	SCIENTIFIC CUTTING TOOLS INC
00274688	Scientific Cutting Tools	SCIENTIFIC CUTTING TOOLS INC
00274696	Scientific Cutting Tools	SCIENTIFIC CUTTING TOOLS INC
00274704	Scientific Cutting Tools	SCIENTIFIC CUTTING TOOLS INC
00274712	Scientific Cutting Tools	SCIENTIFIC CUTTING TOOLS INC
00274720	Scientific Cutting Tools	SCIENTIFIC CUTTING TOOLS INC
00274738	Scientific Cutting Tools	SCIENTIFIC CUTTING TOOLS INC
00274746	Scientific Cutting Tools	SCIENTIFIC CUTTING TOOLS INC
00274753	Scientific Cutting Tools	SCIENTIFIC CUTTING TOOLS INC
00274761	Scientific Cutting Tools	SCIENTIFIC CUTTING TOOLS INC
00274779	Scientific Cutting Tools	SCIENTIFIC CUTTING TOOLS INC
00274787	Scientific Cutting Tools	SCIENTIFIC CUTTING TOOLS INC
00274795	Scientific Cutting Tools	SCIENTIFIC CUTTING TOOLS INC
00274803	Scientific Cutting Tools	SCIENTIFIC CUTTING TOOLS INC
00274811	Scientific Cutting Tools	SCIENTIFIC CUTTING TOOLS INC
00274829	Scientific Cutting Tools	SCIENTIFIC CUTTING TOOLS INC
00274837	Scientific Cutting Tools	SCIENTIFIC CUTTING TOOLS INC
00274845	Scientific Cutting Tools	SCIENTIFIC CUTTING TOOLS INC
00274852	Scientific Cutting Tools	SCIENTIFIC CUTTING TOOLS INC
00274860	Scientific Cutting Tools	SCIENTIFIC CUTTING TOOLS INC
00274878	Scientific Cutting Tools	SCIENTIFIC CUTTING TOOLS INC
00274886	SCIENTIFIC CUTTING TOOLS, INC.	SCIENTIFIC CUTTING TOOLS INC
00274894	SCIENTIFIC CUTTING TOOLS, INC.	SCIENTIFIC CUTTING TOOLS INC
00274902	SCIENTIFIC CUTTING TOOLS, INC.	SCIENTIFIC CUTTING TOOLS INC
00274910	SCIENTIFIC CUTTING TOOLS, INC.	SCIENTIFIC CUTTING TOOLS INC
00274928	SCIENTIFIC CUTTING TOOLS, INC.	SCIENTIFIC CUTTING TOOLS INC
00274936	SCIENTIFIC CUTTING TOOLS, INC.	SCIENTIFIC CUTTING TOOLS INC
00274944	SCIENTIFIC CUTTING TOOLS, INC.	SCIENTIFIC CUTTING TOOLS INC
00274951	SCIENTIFIC CUTTING TOOLS, INC.	SCIENTIFIC CUTTING TOOLS INC
00274969	SCIENTIFIC CUTTING TOOLS, INC.	SCIENTIFIC CUTTING TOOLS INC
00274977	SCIENTIFIC CUTTING TOOLS, INC.	SCIENTIFIC CUTTING TOOLS INC
00274985	SCIENTIFIC CUTTING TOOLS, INC.	SCIENTIFIC CUTTING TOOLS INC
00274993	SCIENTIFIC CUTTING TOOLS, INC.	SCIENTIFIC CUTTING TOOLS INC
00389262	CRAIG TOOLS INC.	CRAIG TOOLS INC
00389270	CRAIG TOOLS INC.	CRAIG TOOLS INC
00389288	CRAIG TOOLS INC.	CRAIG TOOLS INC
00389296	CRAIG TOOLS INC.	CRAIG TOOLS INC
00389304	CRAIG TOOLS INC.	CRAIG TOOLS INC
00389312	CRAIG TOOLS INC.	CRAIG TOOLS INC
00389320	CRAIG TOOLS INC.	CRAIG TOOLS INC
00389338	CRAIG TOOLS INC.	CRAIG TOOLS INC
00389346	CRAIG TOOLS INC.	CRAIG TOOLS INC
00389353	CRAIG TOOLS INC.	CRAIG TOOLS INC
00389361	CRAIG TOOLS INC.	CRAIG TOOLS INC
00389379	CRAIG TOOLS INC.	CRAIG TOOLS INC
00389387	CRAIG TOOLS INC.	CRAIG TOOLS INC
00389395	CRAIG TOOLS INC.	CRAIG TOOLS INC
00389403	CRAIG TOOLS INC.	CRAIG TOOLS INC
00389411	CRAIG TOOLS INC.	CRAIG TOOLS INC
00389429	CRAIG TOOLS INC.	CRAIG TOOLS INC
00389437	CRAIG TOOLS INC.	CRAIG TOOLS INC
00389445	CRAIG TOOLS INC.	CRAIG TOOLS INC
00389452	CRAIG TOOLS INC.	CRAIG TOOLS INC
00389460	CRAIG TOOLS INC.	CRAIG TOOLS INC
00389478	CRAIG TOOLS INC.	CRAIG TOOLS INC
00389486	CRAIG TOOLS INC.	CRAIG TOOLS INC
00389494	CRAIG TOOLS INC.	CRAIG TOOLS INC
00389502	CRAIG TOOLS INC.	CRAIG TOOLS INC
00389510	CRAIG TOOLS INC.	CRAIG TOOLS INC
00389528	CRAIG TOOLS INC.	CRAIG TOOLS INC
00389536	CRAIG TOOLS INC.	CRAIG TOOLS INC
00389544	CRAIG TOOLS INC.	CRAIG TOOLS INC
00389551	CRAIG TOOLS INC.	CRAIG TOOLS INC
00389569	CRAIG TOOLS INC.	CRAIG TOOLS INC
00389577	CRAIG TOOLS INC.	CRAIG TOOLS INC
00389585	CRAIG TOOLS INC.	CRAIG TOOLS INC
00389593	CRAIG TOOLS INC.	CRAIG TOOLS INC
00389601	CRAIG TOOLS INC.	CRAIG TOOLS INC
00389619	CRAIG TOOLS INC.	CRAIG TOOLS INC
00389627	CRAIG TOOLS INC.	CRAIG TOOLS INC
00389635	CRAIG TOOLS INC.	CRAIG TOOLS INC
00389643	CRAIG TOOLS INC.	CRAIG TOOLS INC
00389650	CRAIG TOOLS INC.	CRAIG TOOLS INC
00389668	CRAIG TOOLS INC.	CRAIG TOOLS INC
00389676	CRAIG TOOLS INC.	CRAIG TOOLS INC
00389684	CRAIG TOOLS INC.	CRAIG TOOLS INC
00389692	CRAIG TOOLS INC.	CRAIG TOOLS INC
00389700	CRAIG TOOLS INC.	CRAIG TOOLS INC
00389718	CRAIG TOOLS INC.	CRAIG TOOLS INC
00389726	CRAIG TOOLS INC.	CRAIG TOOLS INC
00389734	CRAIG TOOLS INC.	CRAIG TOOLS INC
00389742	CRAIG TOOLS INC.	CRAIG TOOLS INC
00389759	CRAIG TOOLS INC.	CRAIG TOOLS INC
00389767	CRAIG TOOLS INC.	CRAIG TOOLS INC
00389775	CRAIG TOOLS INC.	CRAIG TOOLS INC
00389783	CRAIG TOOLS INC.	CRAIG TOOLS INC
00389791	CRAIG TOOLS INC.	CRAIG TOOLS INC
00389809	CRAIG TOOLS INC.	CRAIG TOOLS INC
00389817	CRAIG TOOLS INC.	CRAIG TOOLS INC
00389825	CRAIG TOOLS INC.	CRAIG TOOLS INC
00389833	CRAIG TOOLS INC.	CRAIG TOOLS INC
00389841	CRAIG TOOLS INC.	CRAIG TOOLS INC
00389858	CRAIG TOOLS INC.	CRAIG TOOLS INC
00389866	CRAIG TOOLS INC.	CRAIG TOOLS INC
00389874	CRAIG TOOLS INC.	CRAIG TOOLS INC
00389882	CRAIG TOOLS INC.	CRAIG TOOLS INC
00389890	CRAIG TOOLS INC.	CRAIG TOOLS INC
00389908	CRAIG TOOLS INC.	CRAIG TOOLS INC
00389916	CRAIG TOOLS INC.	CRAIG TOOLS INC
00389924	CRAIG TOOLS INC.	CRAIG TOOLS INC
00389932	CRAIG TOOLS INC.	CRAIG TOOLS INC
00389940	CRAIG TOOLS INC.	CRAIG TOOLS INC
00389957	CRAIG TOOLS INC.	CRAIG TOOLS INC
00389965	CRAIG TOOLS INC.	CRAIG TOOLS INC
00389973	CRAIG TOOLS INC.	CRAIG TOOLS INC
00389981	CRAIG TOOLS INC.	CRAIG TOOLS INC
00389999	CRAIG TOOLS INC.	CRAIG TOOLS INC
00390005	CRAIG TOOLS INC.	CRAIG TOOLS INC
00390013	CRAIG TOOLS INC.	CRAIG TOOLS INC
00390021	CRAIG TOOLS INC.	CRAIG TOOLS INC
00390039	CRAIG TOOLS INC.	CRAIG TOOLS INC
00390047	CRAIG TOOLS INC.	CRAIG TOOLS INC
00390054	CRAIG TOOLS INC.	CRAIG TOOLS INC
00390062	CRAIG TOOLS INC.	CRAIG TOOLS INC
00390070	CRAIG TOOLS INC.	CRAIG TOOLS INC
00390088	CRAIG TOOLS INC.	CRAIG TOOLS INC
00390096	CRAIG TOOLS INC.	CRAIG TOOLS INC
00390104	CRAIG TOOLS INC.	CRAIG TOOLS INC
00390112	CRAIG TOOLS INC.	CRAIG TOOLS INC
00390120	CRAIG TOOLS INC.	CRAIG TOOLS INC
00390138	CRAIG TOOLS INC.	CRAIG TOOLS INC
00390146	CRAIG TOOLS INC.	CRAIG TOOLS INC
00390153	CRAIG TOOLS INC.	CRAIG TOOLS INC
00390161	CRAIG TOOLS INC.	CRAIG TOOLS INC
00390179	CRAIG TOOLS INC.	CRAIG TOOLS INC
00390187	CRAIG TOOLS INC.	CRAIG TOOLS INC
00390195	CRAIG TOOLS INC.	CRAIG TOOLS INC
00390203	CRAIG TOOLS INC.	CRAIG TOOLS INC
00390211	CRAIG TOOLS INC.	CRAIG TOOLS INC
00390229	CRAIG TOOLS INC.	CRAIG TOOLS INC
00390237	CRAIG TOOLS INC.	CRAIG TOOLS INC
00390245	CRAIG TOOLS INC.	CRAIG TOOLS INC
00390252	CRAIG TOOLS INC.	CRAIG TOOLS INC
00390260	CRAIG TOOLS INC.	CRAIG TOOLS INC
00390278	CRAIG TOOLS INC.	CRAIG TOOLS INC
00390286	CRAIG TOOLS INC.	CRAIG TOOLS INC
00390294	CRAIG TOOLS INC.	CRAIG TOOLS INC
00390302	CRAIG TOOLS INC.	CRAIG TOOLS INC
00390310	CRAIG TOOLS INC.	CRAIG TOOLS INC
00390328	CRAIG TOOLS INC.	CRAIG TOOLS INC
00390336	CRAIG TOOLS INC.	CRAIG TOOLS INC
00390344	CRAIG TOOLS INC.	CRAIG TOOLS INC
00390351	CRAIG TOOLS INC.	CRAIG TOOLS INC
00390369	CRAIG TOOLS INC.	CRAIG TOOLS INC
00390377	CRAIG TOOLS INC.	CRAIG TOOLS INC
00390385	CRAIG TOOLS INC.	CRAIG TOOLS INC
00390393	CRAIG TOOLS INC.	CRAIG TOOLS INC
00390401	CRAIG TOOLS INC.	CRAIG TOOLS INC
00390419	CRAIG TOOLS INC.	CRAIG TOOLS INC
00390427	CRAIG TOOLS INC.	CRAIG TOOLS INC
00390435	CRAIG TOOLS INC.	CRAIG TOOLS INC
00390443	CRAIG TOOLS INC.	CRAIG TOOLS INC
00390450	CRAIG TOOLS INC.	CRAIG TOOLS INC
00390468	CRAIG TOOLS INC.	CRAIG TOOLS INC
00390476	CRAIG TOOLS INC.	CRAIG TOOLS INC
00390484	CRAIG TOOLS INC.	CRAIG TOOLS INC
00390492	CRAIG TOOLS INC.	CRAIG TOOLS INC
00468405	MHC TRADING CO (MEASURING)	#NA
00468413	MHC TRADING CO (MEASURING)	#NA
00935395	CHANNELLOCK, INC.	#NA
01241363	Scientific Cutting Tools	SCIENTIFIC CUTTING TOOLS INC
01296193	Scientific Cutting Tools	SCIENTIFIC CUTTING TOOLS INC
01309400	Scientific Cutting Tools	SCIENTIFIC CUTTING TOOLS INC
01386176	SPI (CONTACT POINTS)	#NA
01669878	SPI (CONTACT POINTS)	#NA
01669951	ACCURATE MFG PRODUCTS GROUP	#NA
01703255	MITUTOYO AMERICA CORP.	#NA
01728013	CHANNELLOCK, INC.	#NA
01728070	CHANNELLOCK, INC.	#NA
01747963	MARCY TOOL CO.	#NA
01913672	FISHER MACHINE SHOP	#NA
01913698	FISHER MACHINE SHOP	#NA
02040392	BRADY USA, INC.	#NA
02490506	SPI (BASES)	#NA
02490514	SPI (BASES)	#NA
02780344	Scientific Cutting Tools	SCIENTIFIC CUTTING TOOLS INC
03749504	SPI (EDGE FINDRS/SQURS/BLCKS)	#NA
03800737	SPI (BLOCKS)	#NA
03800745	SPI (BLOCKS)	#NA
03822053	Scientific Cutting Tools	SCIENTIFIC CUTTING TOOLS INC
03994746	SPI (IND HOLDERS)	#NA
03994761	SPI (IND HOLDERS)	#NA
03994779	SPI (IND HOLDERS)	#NA
03994787	SPI (IND HOLDERS)	#NA
04336210	DYMO CORPORATION	DYMO
04336228	DYMO CORPORATION	DYMO
04336236	DYMO CORPORATION	DYMO
04336244	DYMO CORPORATION	DYMO
04336251	DYMO CORPORATION	DYMO
04336269	DYMO CORPORATION	DYMO
04336277	DYMO CORPORATION	DYMO
04336285	DYMO CORPORATION	DYMO
04336293	DYMO CORPORATION	DYMO
04336301	DYMO CORPORATION	DYMO
05106869	BRADY USA, INC.	#NA
05106885	BRADY USA, INC.	#NA
05123666	DYMO CORPORATION	DYMO
05196860	NATIONAL MARKER COMPANY	#NA
05196878	NATIONAL MARKER COMPANY	#NA
05196886	NATIONAL MARKER COMPANY	#NA
05196894	NATIONAL MARKER COMPANY	#NA
05196902	NATIONAL MARKER COMPANY	#NA
05196910	NATIONAL MARKER COMPANY	#NA
05196928	NATIONAL MARKER COMPANY	#NA
05196936	NATIONAL MARKER COMPANY	#NA
05196944	NATIONAL MARKER COMPANY	#NA
05196951	NATIONAL MARKER COMPANY	#NA
05196969	NATIONAL MARKER COMPANY	#NA
05196977	NATIONAL MARKER COMPANY	#NA
05196985	NATIONAL MARKER COMPANY	#NA
05196993	NATIONAL MARKER COMPANY	#NA
05197009	NATIONAL MARKER COMPANY	#NA
05197025	NATIONAL MARKER COMPANY	#NA
05197033	NATIONAL MARKER COMPANY	#NA
05197041	NATIONAL MARKER COMPANY	#NA
05197058	NATIONAL MARKER COMPANY	#NA
05197066	NATIONAL MARKER COMPANY	#NA
05197074	NATIONAL MARKER COMPANY	#NA
05197082	NATIONAL MARKER COMPANY	#NA
05197090	NATIONAL MARKER COMPANY	#NA
05197108	NATIONAL MARKER COMPANY	#NA
05197116	NATIONAL MARKER COMPANY	#NA
05197124	NATIONAL MARKER COMPANY	#NA
05197132	NATIONAL MARKER COMPANY	#NA
05197140	NATIONAL MARKER COMPANY	#NA
05197157	NATIONAL MARKER COMPANY	#NA
05197165	NATIONAL MARKER COMPANY	#NA
05197975	NATIONAL MARKER COMPANY	#NA
05197983	NATIONAL MARKER COMPANY	#NA
05197991	NATIONAL MARKER COMPANY	#NA
05198007	NATIONAL MARKER COMPANY	#NA
05198015	NATIONAL MARKER COMPANY	#NA
05198023	NATIONAL MARKER COMPANY	#NA
05198031	NATIONAL MARKER COMPANY	#NA
05198049	NATIONAL MARKER COMPANY	#NA
05198056	NATIONAL MARKER COMPANY	#NA
05198064	NATIONAL MARKER COMPANY	#NA
05198072	NATIONAL MARKER COMPANY	#NA
05198080	NATIONAL MARKER COMPANY	#NA
05198098	NATIONAL MARKER COMPANY	#NA
05198106	NATIONAL MARKER COMPANY	#NA
05198114	NATIONAL MARKER COMPANY	#NA
05198601	NATIONAL MARKER COMPANY	#NA
05198619	NATIONAL MARKER COMPANY	#NA
05198627	NATIONAL MARKER COMPANY	#NA
05198635	NATIONAL MARKER COMPANY	#NA
05198643	NATIONAL MARKER COMPANY	#NA
05198668	NATIONAL MARKER COMPANY	#NA
05198676	NATIONAL MARKER COMPANY	#NA
05275912	BRADY USA, INC.	#NA
05275961	BRADY USA, INC.	#NA
05280771	BRADY USA, INC.	#NA
05280789	BRADY USA, INC.	#NA
05281340	BRADY USA, INC.	#NA
05281456	BRADY USA, INC.	#NA
05386495	BRADY USA, INC.	#NA
05386503	BRADY USA, INC.	#NA
05476239	DYMO CORPORATION	DYMO
05476262	DYMO CORPORATION	DYMO
05476312	DYMO CORPORATION	DYMO
05477005	DYMO CORPORATION	DYMO
05551858	THOMAS & BETTS CORPORATION	#NA
05551866	THOMAS & BETTS CORPORATION	#NA
05551874	THOMAS & BETTS CORPORATION	#NA
05551882	THOMAS & BETTS CORPORATION	#NA
05551890	THOMAS & BETTS CORPORATION	#NA
05551908	THOMAS & BETTS CORPORATION	#NA
05551916	THOMAS & BETTS CORPORATION	#NA
05551924	THOMAS & BETTS CORPORATION	#NA
05551932	THOMAS & BETTS CORPORATION	#NA
05551940	THOMAS & BETTS CORPORATION	#NA
05551957	THOMAS & BETTS CORPORATION	#NA
05551965	THOMAS & BETTS CORPORATION	#NA
05551973	THOMAS & BETTS CORPORATION	#NA
05551981	THOMAS & BETTS CORPORATION	#NA
05551999	THOMAS & BETTS CORPORATION	#NA
05552005	THOMAS & BETTS CORPORATION	#NA
05552013	THOMAS & BETTS CORPORATION	#NA
05593165	THOMAS & BETTS CORPORATION	#NA
05593173	THOMAS & BETTS CORPORATION	#NA
05593181	THOMAS & BETTS CORPORATION	#NA
05593199	THOMAS & BETTS CORPORATION	#NA
05593207	THOMAS & BETTS CORPORATION	#NA
05593215	THOMAS & BETTS CORPORATION	#NA
05593223	THOMAS & BETTS CORPORATION	#NA
05593231	THOMAS & BETTS CORPORATION	#NA
05593249	THOMAS & BETTS CORPORATION	#NA
05593256	THOMAS & BETTS CORPORATION	#NA
05593264	THOMAS & BETTS CORPORATION	#NA
05593272	THOMAS & BETTS CORPORATION	#NA
05593280	THOMAS & BETTS CORPORATION	#NA
05593298	THOMAS & BETTS CORPORATION	#NA
05593645	THOMAS & BETTS CORPORATION	#NA
05593652	THOMAS & BETTS CORPORATION	#NA
05788583	FRED V. FOWLER COMPANY INC.	#NA
05792452	Scientific Cutting Tools	SCIENTIFIC CUTTING TOOLS INC
05868260	JT& M INC.	#NA
05868286	JT& M INC.	#NA
05868427	JT& M INC.	#NA
05868435	JT& M INC.	#NA
06026835	CHANNELLOCK, INC.	#NA
06181069	DYMO CORPORATION	DYMO
06256895	MITUTOYO AMERICA CORP.	#NA
06256911	MITUTOYO AMERICA CORP.	#NA
06317119	L.S. STARRETT CO.	L.S. STARRETT
06421945	FLEXBAR MACHINE CORP.	FLEXBAR MACHINE CORP
06421952	FLEXBAR MACHINE CORP.	FLEXBAR MACHINE CORP
06432769	JT& M INC.	#NA
06434013	NOGA (MSRIN)2	#NA
06506240	DYMO CORPORATION	DYMO
06506273	DYMO CORPORATION	DYMO
06506299	DYMO CORPORATION	DYMO
06516181	DYMO CORPORATION	DYMO
06516199	DYMO CORPORATION	DYMO
06516207	DYMO CORPORATION	DYMO
06516215	DYMO CORPORATION	DYMO
06516223	DYMO CORPORATION	DYMO
06516231	DYMO CORPORATION	DYMO
06516249	DYMO CORPORATION	DYMO
06516256	DYMO CORPORATION	DYMO
06516264	DYMO CORPORATION	DYMO
06539704	UNITED STATIONERS SUPPLY CO	#NA
06580013	MHC TRADING CO (MEASURING)	#NA
06580039	MHC TRADING CO (MEASURING)	#NA
06580054	MHC TRADING CO (MEASURING)	#NA
06580104	NOGA (MSRIN)2	#NA
06581201	MHC TRADING CO (MEASURING)	#NA
06581300	MHC TRADING CO (MEASURING)	#NA
06581359	MHC TRADING CO (MEASURING)	#NA
06581656	SPI (EDGE FINDRS/SQURS/BLCKS)	#NA
06581664	SPI (PRIME INTL)	#NA
06581706	FLEXBAR MACHINE CORP.	FLEXBAR MACHINE CORP
06581722	FLEXBAR MACHINE CORP.	FLEXBAR MACHINE CORP
06582704	FLEXBAR MACHINE CORP.	FLEXBAR MACHINE CORP
06583801	MHC TRADING CO (MEASURING)	#NA
06583850	JT& M INC.	#NA
06606768	Scientific Cutting Tools	SCIENTIFIC CUTTING TOOLS INC
06606776	Scientific Cutting Tools	SCIENTIFIC CUTTING TOOLS INC
06606784	Scientific Cutting Tools	SCIENTIFIC CUTTING TOOLS INC
06606792	Scientific Cutting Tools	SCIENTIFIC CUTTING TOOLS INC
06606800	Scientific Cutting Tools	SCIENTIFIC CUTTING TOOLS INC
06606818	Scientific Cutting Tools	SCIENTIFIC CUTTING TOOLS INC
06606826	Scientific Cutting Tools	SCIENTIFIC CUTTING TOOLS INC
06606834	Scientific Cutting Tools	SCIENTIFIC CUTTING TOOLS INC
06606842	Scientific Cutting Tools	SCIENTIFIC CUTTING TOOLS INC
06606859	Scientific Cutting Tools	SCIENTIFIC CUTTING TOOLS INC
06606867	Scientific Cutting Tools	SCIENTIFIC CUTTING TOOLS INC
06606875	Scientific Cutting Tools	SCIENTIFIC CUTTING TOOLS INC
06606883	Scientific Cutting Tools	SCIENTIFIC CUTTING TOOLS INC
06606891	Scientific Cutting Tools	SCIENTIFIC CUTTING TOOLS INC
06606909	Scientific Cutting Tools	SCIENTIFIC CUTTING TOOLS INC
06606917	Scientific Cutting Tools	SCIENTIFIC CUTTING TOOLS INC
06606925	Scientific Cutting Tools	SCIENTIFIC CUTTING TOOLS INC
06606933	Scientific Cutting Tools	SCIENTIFIC CUTTING TOOLS INC
06606941	Scientific Cutting Tools	SCIENTIFIC CUTTING TOOLS INC
06606958	Scientific Cutting Tools	SCIENTIFIC CUTTING TOOLS INC
06606966	Scientific Cutting Tools	SCIENTIFIC CUTTING TOOLS INC
06606974	Scientific Cutting Tools	SCIENTIFIC CUTTING TOOLS INC
06606982	Scientific Cutting Tools	SCIENTIFIC CUTTING TOOLS INC
06606990	Scientific Cutting Tools	SCIENTIFIC CUTTING TOOLS INC
06636062	SUN TECH LIMITED HAND TOOLS	SUN TECH LIMITED HAND TOOLS
06636096	SUN TECH LIMITED HAND TOOLS	SUN TECH LIMITED HAND TOOLS
06636161	SUN TECH LIMITED HAND TOOLS	SUN TECH LIMITED HAND TOOLS
06648448	BRADY USA, INC.	#NA
07049026	DYMO CORPORATION	DYMO
07074271	CHANNELLOCK, INC.	#NA
07113863	NOGA (MSRIN)2	#NA
07131741	DYMO CORPORATION	DYMO
07282106	FLEXBAR MACHINE CORP.	FLEXBAR MACHINE CORP
07336605	BRADY USA, INC.	#NA
07591365	DYMO CORPORATION	DYMO
07712508	CHANNELLOCK, INC.	#NA
07718901	BRADY USA, INC.	#NA
07852981	APEX TOOL GROUP	#NA
07917693	DYMO CORPORATION	DYMO
08074361	NOGA (MSRIN)2	#NA
08074379	NOGA (MSRIN)2	#NA
08074387	NOGA (MSRIN)2	#NA
08074395	NOGA (MSRIN)2	#NA
08182131	Scientific Cutting Tools	SCIENTIFIC CUTTING TOOLS INC
08496069	UNITED STATIONERS SUPPLY CO	#NA
08496077	UNITED STATIONERS SUPPLY CO	#NA
08516221	NATIONAL MARKER COMPANY	#NA
08926420	BRADY USA, INC.	#NA
08926552	BRADY USA, INC.	#NA
08926560	BRADY USA, INC.	#NA
08926586	BRADY USA, INC.	#NA
08926941	BRADY USA, INC.	#NA
08926966	BRADY USA, INC.	#NA
08926974	BRADY USA, INC.	#NA
08926982	BRADY USA, INC.	#NA
08926990	BRADY USA, INC.	#NA
08927006	BRADY USA, INC.	#NA
08927014	BRADY USA, INC.	#NA
08927022	BRADY USA, INC.	#NA
08927030	BRADY USA, INC.	#NA
08927048	BRADY USA, INC.	#NA
08927055	BRADY USA, INC.	#NA
08927063	BRADY USA, INC.	#NA
08927071	BRADY USA, INC.	#NA
08927089	BRADY USA, INC.	#NA
08927097	BRADY USA, INC.	#NA
08927105	BRADY USA, INC.	#NA
08927113	BRADY USA, INC.	#NA
08927121	BRADY USA, INC.	#NA
08927139	BRADY USA, INC.	#NA
08927147	BRADY USA, INC.	#NA
08927154	BRADY USA, INC.	#NA
08927162	BRADY USA, INC.	#NA
08927170	BRADY USA, INC.	#NA
08927188	BRADY USA, INC.	#NA
08927196	BRADY USA, INC.	#NA
08927204	BRADY USA, INC.	#NA
08927212	BRADY USA, INC.	#NA
08927220	BRADY USA, INC.	#NA
08927238	BRADY USA, INC.	#NA
08927246	BRADY USA, INC.	#NA
08927253	BRADY USA, INC.	#NA
08927261	BRADY USA, INC.	#NA
08927279	BRADY USA, INC.	#NA
08927287	BRADY USA, INC.	#NA
08927295	BRADY USA, INC.	#NA
08927303	BRADY USA, INC.	#NA
08927311	BRADY USA, INC.	#NA
08927329	BRADY USA, INC.	#NA
08927337	BRADY USA, INC.	#NA
08927345	BRADY USA, INC.	#NA
08927352	BRADY USA, INC.	#NA
08927360	BRADY USA, INC.	#NA
08927378	BRADY USA, INC.	#NA
08927386	BRADY USA, INC.	#NA
08927394	BRADY USA, INC.	#NA
08927402	BRADY USA, INC.	#NA
08927410	BRADY USA, INC.	#NA
08927428	BRADY USA, INC.	#NA
08927436	BRADY USA, INC.	#NA
08927444	BRADY USA, INC.	#NA
08927451	BRADY USA, INC.	#NA
08927469	BRADY USA, INC.	#NA
09560376	NOGA (MSRIN)2	#NA
09560384	NOGA (MSRIN)2	#NA
09560392	NOGA (MSRIN)2	#NA
09560400	NOGA (MSRIN)2	#NA
09560418	NOGA (MSRIN)2	#NA
09560426	NOGA (MSRIN)2	#NA
09560442	NOGA (MSRIN)2	#NA
09560459	NOGA (MSRIN)2	#NA
30243364	Scientific Cutting Tools	SCIENTIFIC CUTTING TOOLS INC
32151367	CHANNELLOCK, INC.	#NA
33260209	UNITED STATIONERS SUPPLY CO	#NA
33918277	Scientific Cutting Tools	SCIENTIFIC CUTTING TOOLS INC
35513175	Scientific Cutting Tools	SCIENTIFIC CUTTING TOOLS INC
35513209	Scientific Cutting Tools	SCIENTIFIC CUTTING TOOLS INC
36055978	UNITED STATIONERS SUPPLY CO	#NA
36126712	UNITED STATIONERS SUPPLY CO	#NA
36131506	UNITED STATIONERS SUPPLY CO	#NA
36151975	UNITED STATIONERS SUPPLY CO	#NA
36627693	UNITED STATIONERS SUPPLY CO	#NA
36789659	UNITED STATIONERS SUPPLY CO	#NA
36886257	SPI (PIN GAGES)	#NA
36886265	SPI (PIN GAGES)	#NA
37343043	Scientific Cutting Tools	SCIENTIFIC CUTTING TOOLS INC
37791217	UNITED STATIONERS SUPPLY CO	#NA
39137120	STANLEY-PROTO  #50003290	#NA
39137146	STANLEY-PROTO  #50003290	#NA
39137153	STANLEY-PROTO  #50003290	#NA
40271793	KENNAMETAL (REPLACES METCUT)	#NA
40277063	DYMO CORPORATION	DYMO
40343246	Scientific Cutting Tools	SCIENTIFIC CUTTING TOOLS INC
40621757	CHANNELLOCK, INC.	#NA
40818718	DYMO CORPORATION	DYMO
40886558	Scientific Cutting Tools	SCIENTIFIC CUTTING TOOLS INC
41144692	DYMO CORPORATION	DYMO
41144726	DYMO CORPORATION	DYMO
41147323	DYMO CORPORATION	DYMO
41201609	Scientific Cutting Tools	SCIENTIFIC CUTTING TOOLS INC
41219155	Scientific Cutting Tools	SCIENTIFIC CUTTING TOOLS INC
41853185	STANLEY-PROTO  #50003290	#NA
41853193	STANLEY-PROTO  #50003290	#NA
42685669	UNITED STATIONERS SUPPLY CO	#NA
42792127	Scientific Cutting Tools	SCIENTIFIC CUTTING TOOLS INC
42792192	Scientific Cutting Tools	SCIENTIFIC CUTTING TOOLS INC
42792242	Scientific Cutting Tools	SCIENTIFIC CUTTING TOOLS INC
42792325	Scientific Cutting Tools	SCIENTIFIC CUTTING TOOLS INC
42792416	Scientific Cutting Tools	SCIENTIFIC CUTTING TOOLS INC
42855296	Scientific Cutting Tools	SCIENTIFIC CUTTING TOOLS INC
42898726	Scientific Cutting Tools	SCIENTIFIC CUTTING TOOLS INC
42898916	Scientific Cutting Tools	SCIENTIFIC CUTTING TOOLS INC
43456698	KNIPEX TOOLS LP	#NA
43554971	KLEIN TOOLS, INC.	#NA
43771609	Scientific Cutting Tools	SCIENTIFIC CUTTING TOOLS INC
43771856	Scientific Cutting Tools	SCIENTIFIC CUTTING TOOLS INC
43774082	UNITED STATIONERS SUPPLY CO	#NA
43901495	KOMA PRECISION	#NA
43901503	KOMA PRECISION	#NA
43932797	STANLEY-PROTO  #50003290	#NA
44037430	Scientific Cutting Tools	SCIENTIFIC CUTTING TOOLS INC
44037448	Scientific Cutting Tools	SCIENTIFIC CUTTING TOOLS INC
44037455	Scientific Cutting Tools	SCIENTIFIC CUTTING TOOLS INC
44037463	Scientific Cutting Tools	SCIENTIFIC CUTTING TOOLS INC
44037471	Scientific Cutting Tools	SCIENTIFIC CUTTING TOOLS INC
44037695	Scientific Cutting Tools	SCIENTIFIC CUTTING TOOLS INC
44037711	Scientific Cutting Tools	SCIENTIFIC CUTTING TOOLS INC
44037729	Scientific Cutting Tools	SCIENTIFIC CUTTING TOOLS INC
44037737	Scientific Cutting Tools	SCIENTIFIC CUTTING TOOLS INC
44037745	Scientific Cutting Tools	SCIENTIFIC CUTTING TOOLS INC
44037752	Scientific Cutting Tools	SCIENTIFIC CUTTING TOOLS INC
44037760	Scientific Cutting Tools	SCIENTIFIC CUTTING TOOLS INC
44037778	Scientific Cutting Tools	SCIENTIFIC CUTTING TOOLS INC
44037786	Scientific Cutting Tools	SCIENTIFIC CUTTING TOOLS INC
44037794	Scientific Cutting Tools	SCIENTIFIC CUTTING TOOLS INC
44037802	Scientific Cutting Tools	SCIENTIFIC CUTTING TOOLS INC
44037810	Scientific Cutting Tools	SCIENTIFIC CUTTING TOOLS INC
44037828	Scientific Cutting Tools	SCIENTIFIC CUTTING TOOLS INC
44037836	Scientific Cutting Tools	SCIENTIFIC CUTTING TOOLS INC
44037844	Scientific Cutting Tools	SCIENTIFIC CUTTING TOOLS INC
44037851	Scientific Cutting Tools	SCIENTIFIC CUTTING TOOLS INC
44037869	Scientific Cutting Tools	SCIENTIFIC CUTTING TOOLS INC
44037877	Scientific Cutting Tools	SCIENTIFIC CUTTING TOOLS INC
44037885	Scientific Cutting Tools	SCIENTIFIC CUTTING TOOLS INC
44037893	Scientific Cutting Tools	SCIENTIFIC CUTTING TOOLS INC
44037901	Scientific Cutting Tools	SCIENTIFIC CUTTING TOOLS INC
44037919	Scientific Cutting Tools	SCIENTIFIC CUTTING TOOLS INC
44039600	Scientific Cutting Tools	SCIENTIFIC CUTTING TOOLS INC
44039618	Scientific Cutting Tools	SCIENTIFIC CUTTING TOOLS INC
44039626	Scientific Cutting Tools	SCIENTIFIC CUTTING TOOLS INC
44039634	Scientific Cutting Tools	SCIENTIFIC CUTTING TOOLS INC
44039642	Scientific Cutting Tools	SCIENTIFIC CUTTING TOOLS INC
44039667	Scientific Cutting Tools	SCIENTIFIC CUTTING TOOLS INC
44039675	Scientific Cutting Tools	SCIENTIFIC CUTTING TOOLS INC
44039683	Scientific Cutting Tools	SCIENTIFIC CUTTING TOOLS INC
44039691	Scientific Cutting Tools	SCIENTIFIC CUTTING TOOLS INC
44039709	Scientific Cutting Tools	SCIENTIFIC CUTTING TOOLS INC
44039717	Scientific Cutting Tools	SCIENTIFIC CUTTING TOOLS INC
44039725	Scientific Cutting Tools	SCIENTIFIC CUTTING TOOLS INC
44039733	Scientific Cutting Tools	SCIENTIFIC CUTTING TOOLS INC
44039741	Scientific Cutting Tools	SCIENTIFIC CUTTING TOOLS INC
44039758	Scientific Cutting Tools	SCIENTIFIC CUTTING TOOLS INC
44039766	Scientific Cutting Tools	SCIENTIFIC CUTTING TOOLS INC
44039774	Scientific Cutting Tools	SCIENTIFIC CUTTING TOOLS INC
44039782	Scientific Cutting Tools	SCIENTIFIC CUTTING TOOLS INC
44039790	Scientific Cutting Tools	SCIENTIFIC CUTTING TOOLS INC
44039808	Scientific Cutting Tools	SCIENTIFIC CUTTING TOOLS INC
44039816	Scientific Cutting Tools	SCIENTIFIC CUTTING TOOLS INC
44039824	Scientific Cutting Tools	SCIENTIFIC CUTTING TOOLS INC
44042265	Scientific Cutting Tools	SCIENTIFIC CUTTING TOOLS INC
44042273	Scientific Cutting Tools	SCIENTIFIC CUTTING TOOLS INC
44042281	Scientific Cutting Tools	SCIENTIFIC CUTTING TOOLS INC
44042299	Scientific Cutting Tools	SCIENTIFIC CUTTING TOOLS INC
44042307	Scientific Cutting Tools	SCIENTIFIC CUTTING TOOLS INC
44042315	Scientific Cutting Tools	SCIENTIFIC CUTTING TOOLS INC
44042323	Scientific Cutting Tools	SCIENTIFIC CUTTING TOOLS INC
44042331	Scientific Cutting Tools	SCIENTIFIC CUTTING TOOLS INC
44042349	Scientific Cutting Tools	SCIENTIFIC CUTTING TOOLS INC
44042356	Scientific Cutting Tools	SCIENTIFIC CUTTING TOOLS INC
44042364	Scientific Cutting Tools	SCIENTIFIC CUTTING TOOLS INC
44042372	Scientific Cutting Tools	SCIENTIFIC CUTTING TOOLS INC
44042380	Scientific Cutting Tools	SCIENTIFIC CUTTING TOOLS INC
44042398	Scientific Cutting Tools	SCIENTIFIC CUTTING TOOLS INC
44042414	Scientific Cutting Tools	SCIENTIFIC CUTTING TOOLS INC
44042422	Scientific Cutting Tools	SCIENTIFIC CUTTING TOOLS INC
44042430	Scientific Cutting Tools	SCIENTIFIC CUTTING TOOLS INC
44042448	Scientific Cutting Tools	SCIENTIFIC CUTTING TOOLS INC
44042455	Scientific Cutting Tools	SCIENTIFIC CUTTING TOOLS INC
44047751	Scientific Cutting Tools	SCIENTIFIC CUTTING TOOLS INC
44047769	Scientific Cutting Tools	SCIENTIFIC CUTTING TOOLS INC
44047777	Scientific Cutting Tools	SCIENTIFIC CUTTING TOOLS INC
44047785	Scientific Cutting Tools	SCIENTIFIC CUTTING TOOLS INC
44048957	Scientific Cutting Tools	SCIENTIFIC CUTTING TOOLS INC
44048965	Scientific Cutting Tools	SCIENTIFIC CUTTING TOOLS INC
44048973	Scientific Cutting Tools	SCIENTIFIC CUTTING TOOLS INC
44048981	Scientific Cutting Tools	SCIENTIFIC CUTTING TOOLS INC
44064400	Scientific Cutting Tools	SCIENTIFIC CUTTING TOOLS INC
44064418	Scientific Cutting Tools	SCIENTIFIC CUTTING TOOLS INC
44064426	Scientific Cutting Tools	SCIENTIFIC CUTTING TOOLS INC
44064434	Scientific Cutting Tools	SCIENTIFIC CUTTING TOOLS INC
44064442	Scientific Cutting Tools	SCIENTIFIC CUTTING TOOLS INC
44064459	Scientific Cutting Tools	SCIENTIFIC CUTTING TOOLS INC
44064467	Scientific Cutting Tools	SCIENTIFIC CUTTING TOOLS INC
44064475	Scientific Cutting Tools	SCIENTIFIC CUTTING TOOLS INC
44064483	Scientific Cutting Tools	SCIENTIFIC CUTTING TOOLS INC
44064616	Scientific Cutting Tools	SCIENTIFIC CUTTING TOOLS INC
44064624	Scientific Cutting Tools	SCIENTIFIC CUTTING TOOLS INC
44064632	Scientific Cutting Tools	SCIENTIFIC CUTTING TOOLS INC
44064640	Scientific Cutting Tools	SCIENTIFIC CUTTING TOOLS INC
44064657	Scientific Cutting Tools	SCIENTIFIC CUTTING TOOLS INC
44064665	Scientific Cutting Tools	SCIENTIFIC CUTTING TOOLS INC
44064673	Scientific Cutting Tools	SCIENTIFIC CUTTING TOOLS INC
44064681	Scientific Cutting Tools	SCIENTIFIC CUTTING TOOLS INC
44064699	Scientific Cutting Tools	SCIENTIFIC CUTTING TOOLS INC
44064707	Scientific Cutting Tools	SCIENTIFIC CUTTING TOOLS INC
44064715	Scientific Cutting Tools	SCIENTIFIC CUTTING TOOLS INC
44064723	Scientific Cutting Tools	SCIENTIFIC CUTTING TOOLS INC
44064731	Scientific Cutting Tools	SCIENTIFIC CUTTING TOOLS INC
44064749	Scientific Cutting Tools	SCIENTIFIC CUTTING TOOLS INC
44064756	Scientific Cutting Tools	SCIENTIFIC CUTTING TOOLS INC
44064764	Scientific Cutting Tools	SCIENTIFIC CUTTING TOOLS INC
44064772	Scientific Cutting Tools	SCIENTIFIC CUTTING TOOLS INC
44064780	Scientific Cutting Tools	SCIENTIFIC CUTTING TOOLS INC
44064798	Scientific Cutting Tools	SCIENTIFIC CUTTING TOOLS INC
44064806	Scientific Cutting Tools	SCIENTIFIC CUTTING TOOLS INC
44064814	Scientific Cutting Tools	SCIENTIFIC CUTTING TOOLS INC
44064822	Scientific Cutting Tools	SCIENTIFIC CUTTING TOOLS INC
44064830	Scientific Cutting Tools	SCIENTIFIC CUTTING TOOLS INC
44064848	Scientific Cutting Tools	SCIENTIFIC CUTTING TOOLS INC
44064855	Scientific Cutting Tools	SCIENTIFIC CUTTING TOOLS INC
44064863	Scientific Cutting Tools	SCIENTIFIC CUTTING TOOLS INC
44064871	Scientific Cutting Tools	SCIENTIFIC CUTTING TOOLS INC
44064889	Scientific Cutting Tools	SCIENTIFIC CUTTING TOOLS INC
44064897	Scientific Cutting Tools	SCIENTIFIC CUTTING TOOLS INC
44064905	Scientific Cutting Tools	SCIENTIFIC CUTTING TOOLS INC
44064913	Scientific Cutting Tools	SCIENTIFIC CUTTING TOOLS INC
44064921	Scientific Cutting Tools	SCIENTIFIC CUTTING TOOLS INC
44064939	Scientific Cutting Tools	SCIENTIFIC CUTTING TOOLS INC
44064947	Scientific Cutting Tools	SCIENTIFIC CUTTING TOOLS INC
44064954	Scientific Cutting Tools	SCIENTIFIC CUTTING TOOLS INC
44064962	Scientific Cutting Tools	SCIENTIFIC CUTTING TOOLS INC
44064970	Scientific Cutting Tools	SCIENTIFIC CUTTING TOOLS INC
44064988	Scientific Cutting Tools	SCIENTIFIC CUTTING TOOLS INC
44064996	Scientific Cutting Tools	SCIENTIFIC CUTTING TOOLS INC
44065001	Scientific Cutting Tools	SCIENTIFIC CUTTING TOOLS INC
44065019	Scientific Cutting Tools	SCIENTIFIC CUTTING TOOLS INC
44065027	Scientific Cutting Tools	SCIENTIFIC CUTTING TOOLS INC
44065035	Scientific Cutting Tools	SCIENTIFIC CUTTING TOOLS INC
44065043	Scientific Cutting Tools	SCIENTIFIC CUTTING TOOLS INC
44065050	Scientific Cutting Tools	SCIENTIFIC CUTTING TOOLS INC
44065068	Scientific Cutting Tools	SCIENTIFIC CUTTING TOOLS INC
44065076	Scientific Cutting Tools	SCIENTIFIC CUTTING TOOLS INC
44065084	Scientific Cutting Tools	SCIENTIFIC CUTTING TOOLS INC
44065092	Scientific Cutting Tools	SCIENTIFIC CUTTING TOOLS INC
44065100	Scientific Cutting Tools	SCIENTIFIC CUTTING TOOLS INC
44065118	Scientific Cutting Tools	SCIENTIFIC CUTTING TOOLS INC
44065126	Scientific Cutting Tools	SCIENTIFIC CUTTING TOOLS INC
44065134	Scientific Cutting Tools	SCIENTIFIC CUTTING TOOLS INC
44065142	Scientific Cutting Tools	SCIENTIFIC CUTTING TOOLS INC
44065159	Scientific Cutting Tools	SCIENTIFIC CUTTING TOOLS INC
44065167	Scientific Cutting Tools	SCIENTIFIC CUTTING TOOLS INC
44075257	Scientific Cutting Tools	SCIENTIFIC CUTTING TOOLS INC
44075265	Scientific Cutting Tools	SCIENTIFIC CUTTING TOOLS INC
44075273	Scientific Cutting Tools	SCIENTIFIC CUTTING TOOLS INC
44075281	Scientific Cutting Tools	SCIENTIFIC CUTTING TOOLS INC
44075299	Scientific Cutting Tools	SCIENTIFIC CUTTING TOOLS INC
44075307	Scientific Cutting Tools	SCIENTIFIC CUTTING TOOLS INC
44075315	Scientific Cutting Tools	SCIENTIFIC CUTTING TOOLS INC
44075323	Scientific Cutting Tools	SCIENTIFIC CUTTING TOOLS INC
44075331	Scientific Cutting Tools	SCIENTIFIC CUTTING TOOLS INC
44075349	Scientific Cutting Tools	SCIENTIFIC CUTTING TOOLS INC
44075356	Scientific Cutting Tools	SCIENTIFIC CUTTING TOOLS INC
44075364	Scientific Cutting Tools	SCIENTIFIC CUTTING TOOLS INC
44075372	Scientific Cutting Tools	SCIENTIFIC CUTTING TOOLS INC
44075380	Scientific Cutting Tools	SCIENTIFIC CUTTING TOOLS INC
44075398	Scientific Cutting Tools	SCIENTIFIC CUTTING TOOLS INC
44075406	Scientific Cutting Tools	SCIENTIFIC CUTTING TOOLS INC
44075414	Scientific Cutting Tools	SCIENTIFIC CUTTING TOOLS INC
44075422	Scientific Cutting Tools	SCIENTIFIC CUTTING TOOLS INC
44075430	Scientific Cutting Tools	SCIENTIFIC CUTTING TOOLS INC
44075448	Scientific Cutting Tools	SCIENTIFIC CUTTING TOOLS INC
44075455	Scientific Cutting Tools	SCIENTIFIC CUTTING TOOLS INC
44075463	Scientific Cutting Tools	SCIENTIFIC CUTTING TOOLS INC
44075471	Scientific Cutting Tools	SCIENTIFIC CUTTING TOOLS INC
44075489	Scientific Cutting Tools	SCIENTIFIC CUTTING TOOLS INC
44075497	Scientific Cutting Tools	SCIENTIFIC CUTTING TOOLS INC
44075513	Scientific Cutting Tools	SCIENTIFIC CUTTING TOOLS INC
44075521	Scientific Cutting Tools	SCIENTIFIC CUTTING TOOLS INC
44075539	Scientific Cutting Tools	SCIENTIFIC CUTTING TOOLS INC
44075547	Scientific Cutting Tools	SCIENTIFIC CUTTING TOOLS INC
44075554	Scientific Cutting Tools	SCIENTIFIC CUTTING TOOLS INC
44075562	Scientific Cutting Tools	SCIENTIFIC CUTTING TOOLS INC
44075570	Scientific Cutting Tools	SCIENTIFIC CUTTING TOOLS INC
44075588	Scientific Cutting Tools	SCIENTIFIC CUTTING TOOLS INC
44075596	Scientific Cutting Tools	SCIENTIFIC CUTTING TOOLS INC
44075604	Scientific Cutting Tools	SCIENTIFIC CUTTING TOOLS INC
44075612	Scientific Cutting Tools	SCIENTIFIC CUTTING TOOLS INC
44075620	Scientific Cutting Tools	SCIENTIFIC CUTTING TOOLS INC
44075638	Scientific Cutting Tools	SCIENTIFIC CUTTING TOOLS INC
44075646	Scientific Cutting Tools	SCIENTIFIC CUTTING TOOLS INC
44075653	Scientific Cutting Tools	SCIENTIFIC CUTTING TOOLS INC
44075661	Scientific Cutting Tools	SCIENTIFIC CUTTING TOOLS INC
44075679	Scientific Cutting Tools	SCIENTIFIC CUTTING TOOLS INC
44075687	Scientific Cutting Tools	SCIENTIFIC CUTTING TOOLS INC
44075695	Scientific Cutting Tools	SCIENTIFIC CUTTING TOOLS INC
44075703	Scientific Cutting Tools	SCIENTIFIC CUTTING TOOLS INC
44075711	Scientific Cutting Tools	SCIENTIFIC CUTTING TOOLS INC
44075729	Scientific Cutting Tools	SCIENTIFIC CUTTING TOOLS INC
44075737	Scientific Cutting Tools	SCIENTIFIC CUTTING TOOLS INC
44075745	Scientific Cutting Tools	SCIENTIFIC CUTTING TOOLS INC
44075752	Scientific Cutting Tools	SCIENTIFIC CUTTING TOOLS INC
44075760	Scientific Cutting Tools	SCIENTIFIC CUTTING TOOLS INC
44075778	Scientific Cutting Tools	SCIENTIFIC CUTTING TOOLS INC
44075786	Scientific Cutting Tools	SCIENTIFIC CUTTING TOOLS INC
44075794	Scientific Cutting Tools	SCIENTIFIC CUTTING TOOLS INC
44075802	Scientific Cutting Tools	SCIENTIFIC CUTTING TOOLS INC
44075810	Scientific Cutting Tools	SCIENTIFIC CUTTING TOOLS INC
44075828	Scientific Cutting Tools	SCIENTIFIC CUTTING TOOLS INC
44075836	Scientific Cutting Tools	SCIENTIFIC CUTTING TOOLS INC
44075844	Scientific Cutting Tools	SCIENTIFIC CUTTING TOOLS INC
44075851	Scientific Cutting Tools	SCIENTIFIC CUTTING TOOLS INC
44075869	Scientific Cutting Tools	SCIENTIFIC CUTTING TOOLS INC
44075877	Scientific Cutting Tools	SCIENTIFIC CUTTING TOOLS INC
44075893	Scientific Cutting Tools	SCIENTIFIC CUTTING TOOLS INC
44076065	Scientific Cutting Tools	SCIENTIFIC CUTTING TOOLS INC
44076073	Scientific Cutting Tools	SCIENTIFIC CUTTING TOOLS INC
44076081	Scientific Cutting Tools	SCIENTIFIC CUTTING TOOLS INC
44076099	Scientific Cutting Tools	SCIENTIFIC CUTTING TOOLS INC
44076107	Scientific Cutting Tools	SCIENTIFIC CUTTING TOOLS INC
44076115	Scientific Cutting Tools	SCIENTIFIC CUTTING TOOLS INC
44076123	Scientific Cutting Tools	SCIENTIFIC CUTTING TOOLS INC
44076131	Scientific Cutting Tools	SCIENTIFIC CUTTING TOOLS INC
44076149	Scientific Cutting Tools	SCIENTIFIC CUTTING TOOLS INC
44076156	Scientific Cutting Tools	SCIENTIFIC CUTTING TOOLS INC
44186989	UNITED STATIONERS SUPPLY CO	#NA
44532802	KNIPEX TOOLS LP	#NA
44532810	KNIPEX TOOLS LP	#NA
44532828	KNIPEX TOOLS LP	#NA
44532836	KNIPEX TOOLS LP	#NA
44532844	KNIPEX TOOLS LP	#NA
44884260	UNITED STATIONERS SUPPLY CO	#NA
44991289	CHANNELLOCK, INC.	#NA
45027604	UNITED STATIONERS SUPPLY CO	#NA
45054368	UNITED STATIONERS SUPPLY CO	#NA
45309572	UNITED STATIONERS SUPPLY CO	#NA
45445103	Starrett	L.S. STARRETT
45640752	Scientific Cutting Tools	SCIENTIFIC CUTTING TOOLS INC
45700382	Scientific Cutting Tools	SCIENTIFIC CUTTING TOOLS INC
45715554	DYMO CORPORATION	DYMO
45715596	DYMO CORPORATION	DYMO
45715604	DYMO CORPORATION	DYMO
45715612	DYMO CORPORATION	DYMO
45715620	DYMO CORPORATION	DYMO
45715638	DYMO CORPORATION	DYMO
45715646	DYMO CORPORATION	DYMO
45715653	DYMO CORPORATION	DYMO
45715661	DYMO CORPORATION	DYMO
45715679	DYMO CORPORATION	DYMO
45715687	DYMO CORPORATION	DYMO
45715695	DYMO CORPORATION	DYMO
45715703	DYMO CORPORATION	DYMO
45715711	DYMO CORPORATION	DYMO
45715729	DYMO CORPORATION	DYMO
45715737	DYMO CORPORATION	DYMO
45715745	DYMO CORPORATION	DYMO
45715752	DYMO CORPORATION	DYMO
45715760	DYMO CORPORATION	DYMO
45715778	DYMO CORPORATION	DYMO
45715786	DYMO CORPORATION	DYMO
45715794	DYMO CORPORATION	DYMO
45715802	DYMO CORPORATION	DYMO
45715810	DYMO CORPORATION	DYMO
45715828	DYMO CORPORATION	DYMO
45715836	DYMO CORPORATION	DYMO
45715844	DYMO CORPORATION	DYMO
45715851	DYMO CORPORATION	DYMO
45715869	DYMO CORPORATION	DYMO
45715877	DYMO CORPORATION	DYMO
45715885	DYMO CORPORATION	DYMO
45715968	DYMO CORPORATION	DYMO
45753811	DYMO CORPORATION	DYMO
46853685	UNITED STATIONERS SUPPLY CO	#NA
47024385	UNITED STATIONERS SUPPLY CO	#NA
47061254	UNITED STATIONERS SUPPLY CO	#NA
47061346	UNITED STATIONERS SUPPLY CO	#NA
47178769	UNITED STATIONERS SUPPLY CO	#NA
48687107	DYMO CORPORATION	DYMO
50146638	UNITED STATIONERS SUPPLY CO	#NA
50146679	UNITED STATIONERS SUPPLY CO	#NA
50174614	UNITED STATIONERS SUPPLY CO	#NA
50829845	UNITED STATIONERS SUPPLY CO	#NA
50967843	SPI (CAL/MIC/IND)	#NA
50967850	SPI (CAL/MIC/IND)	#NA
50967868	SPI (CAL/MIC/IND)	#NA
51017010	DYMO CORPORATION	DYMO
51134203	UNITED STATIONERS SUPPLY CO	#NA
51564227	UNITED STATIONERS SUPPLY CO	#NA
51891554	UNITED STATIONERS SUPPLY CO	#NA
52047875	UNITED STATIONERS SUPPLY CO	#NA
52047883	UNITED STATIONERS SUPPLY CO	#NA
52047891	UNITED STATIONERS SUPPLY CO	#NA
52047909	UNITED STATIONERS SUPPLY CO	#NA
52047917	UNITED STATIONERS SUPPLY CO	#NA
52047925	UNITED STATIONERS SUPPLY CO	#NA
52047933	UNITED STATIONERS SUPPLY CO	#NA
52047941	UNITED STATIONERS SUPPLY CO	#NA
52047958	UNITED STATIONERS SUPPLY CO	#NA
52047966	UNITED STATIONERS SUPPLY CO	#NA
52047974	UNITED STATIONERS SUPPLY CO	#NA
52047990	UNITED STATIONERS SUPPLY CO	#NA
52048006	UNITED STATIONERS SUPPLY CO	#NA
52048022	UNITED STATIONERS SUPPLY CO	#NA
52048030	UNITED STATIONERS SUPPLY CO	#NA
52048048	UNITED STATIONERS SUPPLY CO	#NA
52048055	UNITED STATIONERS SUPPLY CO	#NA
52048063	UNITED STATIONERS SUPPLY CO	#NA
52048071	UNITED STATIONERS SUPPLY CO	#NA
52048097	UNITED STATIONERS SUPPLY CO	#NA
52048105	UNITED STATIONERS SUPPLY CO	#NA
52048113	UNITED STATIONERS SUPPLY CO	#NA
52048121	UNITED STATIONERS SUPPLY CO	#NA
52048139	UNITED STATIONERS SUPPLY CO	#NA
52048147	UNITED STATIONERS SUPPLY CO	#NA
52048154	UNITED STATIONERS SUPPLY CO	#NA
52048162	UNITED STATIONERS SUPPLY CO	#NA
52048170	UNITED STATIONERS SUPPLY CO	#NA
52048188	UNITED STATIONERS SUPPLY CO	#NA
52048196	UNITED STATIONERS SUPPLY CO	#NA
52048204	UNITED STATIONERS SUPPLY CO	#NA
52048212	UNITED STATIONERS SUPPLY CO	#NA
52048220	UNITED STATIONERS SUPPLY CO	#NA
52048238	UNITED STATIONERS SUPPLY CO	#NA
52048246	UNITED STATIONERS SUPPLY CO	#NA
52048253	UNITED STATIONERS SUPPLY CO	#NA
52048261	UNITED STATIONERS SUPPLY CO	#NA
52048279	UNITED STATIONERS SUPPLY CO	#NA
52048287	UNITED STATIONERS SUPPLY CO	#NA
52048295	UNITED STATIONERS SUPPLY CO	#NA
52048303	UNITED STATIONERS SUPPLY CO	#NA
52048311	UNITED STATIONERS SUPPLY CO	#NA
52048329	UNITED STATIONERS SUPPLY CO	#NA
52101342	UNITED STATIONERS SUPPLY CO	#NA
52101375	UNITED STATIONERS SUPPLY CO	#NA
52475464	DYMO CORPORATION	DYMO
53125654	Jonard	JONARD
53125662	Jonard	JONARD
53125787	Jonard	JONARD
53132767	UNITED STATIONERS SUPPLY CO	#NA
53168910	UNITED STATIONERS SUPPLY CO	#NA
53341236	DYMO CORPORATION	DYMO
53341277	DYMO CORPORATION	DYMO
53341285	DYMO CORPORATION	DYMO
53341293	DYMO CORPORATION	DYMO
53341301	DYMO CORPORATION	DYMO
53450748	KNIPEX TOOLS LP	#NA
53450771	KNIPEX TOOLS LP	#NA
53538088	DYMO CORPORATION	DYMO
53757134	KLEIN TOOLS, INC.	#NA
54274022	Scientific Cutting Tools	SCIENTIFIC CUTTING TOOLS INC
54644513	UNITED STATIONERS SUPPLY CO	#NA
54644539	UNITED STATIONERS SUPPLY CO	#NA
54644547	UNITED STATIONERS SUPPLY CO	#NA
54655428	UNITED STATIONERS SUPPLY CO	#NA
54655436	UNITED STATIONERS SUPPLY CO	#NA
54655444	UNITED STATIONERS SUPPLY CO	#NA
54655451	UNITED STATIONERS SUPPLY CO	#NA
54655469	UNITED STATIONERS SUPPLY CO	#NA
54655477	UNITED STATIONERS SUPPLY CO	#NA
54655485	UNITED STATIONERS SUPPLY CO	#NA
54655493	UNITED STATIONERS SUPPLY CO	#NA
54655501	UNITED STATIONERS SUPPLY CO	#NA
54655519	UNITED STATIONERS SUPPLY CO	#NA
54655535	UNITED STATIONERS SUPPLY CO	#NA
54655543	UNITED STATIONERS SUPPLY CO	#NA
54655550	UNITED STATIONERS SUPPLY CO	#NA
54655568	UNITED STATIONERS SUPPLY CO	#NA
54655576	UNITED STATIONERS SUPPLY CO	#NA
54655584	UNITED STATIONERS SUPPLY CO	#NA
54655592	UNITED STATIONERS SUPPLY CO	#NA
54655600	UNITED STATIONERS SUPPLY CO	#NA
54655618	UNITED STATIONERS SUPPLY CO	#NA
54655626	UNITED STATIONERS SUPPLY CO	#NA
54655634	UNITED STATIONERS SUPPLY CO	#NA
54655642	UNITED STATIONERS SUPPLY CO	#NA
54655659	UNITED STATIONERS SUPPLY CO	#NA
54655667	UNITED STATIONERS SUPPLY CO	#NA
54655675	UNITED STATIONERS SUPPLY CO	#NA
54655683	UNITED STATIONERS SUPPLY CO	#NA
54655709	UNITED STATIONERS SUPPLY CO	#NA
54655717	UNITED STATIONERS SUPPLY CO	#NA
54655725	UNITED STATIONERS SUPPLY CO	#NA
54655758	UNITED STATIONERS SUPPLY CO	#NA
54655766	UNITED STATIONERS SUPPLY CO	#NA
54675863	UNITED STATIONERS SUPPLY CO	#NA
54684584	IRWIN IND (HTOOL)	IRWIN
54696216	UNITED STATIONERS SUPPLY CO	#NA
54696224	UNITED STATIONERS SUPPLY CO	#NA
54696240	UNITED STATIONERS SUPPLY CO	#NA
54696273	UNITED STATIONERS SUPPLY CO	#NA
54696281	UNITED STATIONERS SUPPLY CO	#NA
54696299	UNITED STATIONERS SUPPLY CO	#NA
54696307	UNITED STATIONERS SUPPLY CO	#NA
54696315	UNITED STATIONERS SUPPLY CO	#NA
54696323	UNITED STATIONERS SUPPLY CO	#NA
54696331	UNITED STATIONERS SUPPLY CO	#NA
54696349	UNITED STATIONERS SUPPLY CO	#NA
54696356	UNITED STATIONERS SUPPLY CO	#NA
54696364	UNITED STATIONERS SUPPLY CO	#NA
54696372	UNITED STATIONERS SUPPLY CO	#NA
54696380	UNITED STATIONERS SUPPLY CO	#NA
54696398	UNITED STATIONERS SUPPLY CO	#NA
54696406	UNITED STATIONERS SUPPLY CO	#NA
54696414	UNITED STATIONERS SUPPLY CO	#NA
54696422	UNITED STATIONERS SUPPLY CO	#NA
54696430	UNITED STATIONERS SUPPLY CO	#NA
54696448	UNITED STATIONERS SUPPLY CO	#NA
54696463	UNITED STATIONERS SUPPLY CO	#NA
54696471	UNITED STATIONERS SUPPLY CO	#NA
54696489	UNITED STATIONERS SUPPLY CO	#NA
54696497	UNITED STATIONERS SUPPLY CO	#NA
54696505	UNITED STATIONERS SUPPLY CO	#NA
54696539	UNITED STATIONERS SUPPLY CO	#NA
54696547	UNITED STATIONERS SUPPLY CO	#NA
54696554	UNITED STATIONERS SUPPLY CO	#NA
54696562	UNITED STATIONERS SUPPLY CO	#NA
54696570	UNITED STATIONERS SUPPLY CO	#NA
54696588	UNITED STATIONERS SUPPLY CO	#NA
54696596	UNITED STATIONERS SUPPLY CO	#NA
54696604	UNITED STATIONERS SUPPLY CO	#NA
54696620	UNITED STATIONERS SUPPLY CO	#NA
54696638	UNITED STATIONERS SUPPLY CO	#NA
54696646	UNITED STATIONERS SUPPLY CO	#NA
54696653	UNITED STATIONERS SUPPLY CO	#NA
54696679	UNITED STATIONERS SUPPLY CO	#NA
54696695	UNITED STATIONERS SUPPLY CO	#NA
54696703	UNITED STATIONERS SUPPLY CO	#NA
54696711	UNITED STATIONERS SUPPLY CO	#NA
54696729	UNITED STATIONERS SUPPLY CO	#NA
54696737	UNITED STATIONERS SUPPLY CO	#NA
54696752	UNITED STATIONERS SUPPLY CO	#NA
54696760	UNITED STATIONERS SUPPLY CO	#NA
54696778	UNITED STATIONERS SUPPLY CO	#NA
54696786	UNITED STATIONERS SUPPLY CO	#NA
54696794	UNITED STATIONERS SUPPLY CO	#NA
54696810	UNITED STATIONERS SUPPLY CO	#NA
54696828	UNITED STATIONERS SUPPLY CO	#NA
54696836	UNITED STATIONERS SUPPLY CO	#NA
54696869	UNITED STATIONERS SUPPLY CO	#NA
54696877	UNITED STATIONERS SUPPLY CO	#NA
54696885	UNITED STATIONERS SUPPLY CO	#NA
54696893	UNITED STATIONERS SUPPLY CO	#NA
54696919	UNITED STATIONERS SUPPLY CO	#NA
54696927	UNITED STATIONERS SUPPLY CO	#NA
54696950	UNITED STATIONERS SUPPLY CO	#NA
54696968	UNITED STATIONERS SUPPLY CO	#NA
54696976	UNITED STATIONERS SUPPLY CO	#NA
54696984	UNITED STATIONERS SUPPLY CO	#NA
54696992	UNITED STATIONERS SUPPLY CO	#NA
54697008	UNITED STATIONERS SUPPLY CO	#NA
54697016	UNITED STATIONERS SUPPLY CO	#NA
54697024	UNITED STATIONERS SUPPLY CO	#NA
54697032	UNITED STATIONERS SUPPLY CO	#NA
54705926	UNITED STATIONERS SUPPLY CO	#NA
54705959	UNITED STATIONERS SUPPLY CO	#NA
54705967	UNITED STATIONERS SUPPLY CO	#NA
54705975	UNITED STATIONERS SUPPLY CO	#NA
54705983	UNITED STATIONERS SUPPLY CO	#NA
54705991	UNITED STATIONERS SUPPLY CO	#NA
54706007	UNITED STATIONERS SUPPLY CO	#NA
54706015	UNITED STATIONERS SUPPLY CO	#NA
54706023	UNITED STATIONERS SUPPLY CO	#NA
54706031	UNITED STATIONERS SUPPLY CO	#NA
54706049	UNITED STATIONERS SUPPLY CO	#NA
54706056	UNITED STATIONERS SUPPLY CO	#NA
54706064	UNITED STATIONERS SUPPLY CO	#NA
54706072	UNITED STATIONERS SUPPLY CO	#NA
54706080	UNITED STATIONERS SUPPLY CO	#NA
54706098	UNITED STATIONERS SUPPLY CO	#NA
54706106	UNITED STATIONERS SUPPLY CO	#NA
54706122	UNITED STATIONERS SUPPLY CO	#NA
54706130	UNITED STATIONERS SUPPLY CO	#NA
54706148	UNITED STATIONERS SUPPLY CO	#NA
54706155	UNITED STATIONERS SUPPLY CO	#NA
54706163	UNITED STATIONERS SUPPLY CO	#NA
54706189	UNITED STATIONERS SUPPLY CO	#NA
54706197	UNITED STATIONERS SUPPLY CO	#NA
54706205	UNITED STATIONERS SUPPLY CO	#NA
54706213	UNITED STATIONERS SUPPLY CO	#NA
54706221	UNITED STATIONERS SUPPLY CO	#NA
54706239	UNITED STATIONERS SUPPLY CO	#NA
54706247	UNITED STATIONERS SUPPLY CO	#NA
54706254	UNITED STATIONERS SUPPLY CO	#NA
54706262	UNITED STATIONERS SUPPLY CO	#NA
54706288	UNITED STATIONERS SUPPLY CO	#NA
54706296	UNITED STATIONERS SUPPLY CO	#NA
54706304	UNITED STATIONERS SUPPLY CO	#NA
54706312	UNITED STATIONERS SUPPLY CO	#NA
54706320	UNITED STATIONERS SUPPLY CO	#NA
54706338	UNITED STATIONERS SUPPLY CO	#NA
54706346	UNITED STATIONERS SUPPLY CO	#NA
54706353	UNITED STATIONERS SUPPLY CO	#NA
54706361	UNITED STATIONERS SUPPLY CO	#NA
54706379	UNITED STATIONERS SUPPLY CO	#NA
54706387	UNITED STATIONERS SUPPLY CO	#NA
54706395	UNITED STATIONERS SUPPLY CO	#NA
54706403	UNITED STATIONERS SUPPLY CO	#NA
54706411	UNITED STATIONERS SUPPLY CO	#NA
54706429	UNITED STATIONERS SUPPLY CO	#NA
54706437	UNITED STATIONERS SUPPLY CO	#NA
54706445	UNITED STATIONERS SUPPLY CO	#NA
54706452	UNITED STATIONERS SUPPLY CO	#NA
54706460	UNITED STATIONERS SUPPLY CO	#NA
54706478	UNITED STATIONERS SUPPLY CO	#NA
54706486	UNITED STATIONERS SUPPLY CO	#NA
54706494	UNITED STATIONERS SUPPLY CO	#NA
54706502	UNITED STATIONERS SUPPLY CO	#NA
54706510	UNITED STATIONERS SUPPLY CO	#NA
54706528	UNITED STATIONERS SUPPLY CO	#NA
54706536	UNITED STATIONERS SUPPLY CO	#NA
54706551	UNITED STATIONERS SUPPLY CO	#NA
54706569	UNITED STATIONERS SUPPLY CO	#NA
54706577	UNITED STATIONERS SUPPLY CO	#NA
54706585	UNITED STATIONERS SUPPLY CO	#NA
54706593	UNITED STATIONERS SUPPLY CO	#NA
54706601	UNITED STATIONERS SUPPLY CO	#NA
54706619	UNITED STATIONERS SUPPLY CO	#NA
54706627	UNITED STATIONERS SUPPLY CO	#NA
54706635	UNITED STATIONERS SUPPLY CO	#NA
54706643	UNITED STATIONERS SUPPLY CO	#NA
54706650	UNITED STATIONERS SUPPLY CO	#NA
54706668	UNITED STATIONERS SUPPLY CO	#NA
54706676	UNITED STATIONERS SUPPLY CO	#NA
54706684	UNITED STATIONERS SUPPLY CO	#NA
54706692	UNITED STATIONERS SUPPLY CO	#NA
54706718	UNITED STATIONERS SUPPLY CO	#NA
54706734	UNITED STATIONERS SUPPLY CO	#NA
54706742	UNITED STATIONERS SUPPLY CO	#NA
54706759	UNITED STATIONERS SUPPLY CO	#NA
54706767	UNITED STATIONERS SUPPLY CO	#NA
54706775	UNITED STATIONERS SUPPLY CO	#NA
54706783	UNITED STATIONERS SUPPLY CO	#NA
54706791	UNITED STATIONERS SUPPLY CO	#NA
54706809	UNITED STATIONERS SUPPLY CO	#NA
54706817	UNITED STATIONERS SUPPLY CO	#NA
54706825	UNITED STATIONERS SUPPLY CO	#NA
54706833	UNITED STATIONERS SUPPLY CO	#NA
54706841	UNITED STATIONERS SUPPLY CO	#NA
54706866	UNITED STATIONERS SUPPLY CO	#NA
54706874	UNITED STATIONERS SUPPLY CO	#NA
54706882	UNITED STATIONERS SUPPLY CO	#NA
54706890	UNITED STATIONERS SUPPLY CO	#NA
54706908	UNITED STATIONERS SUPPLY CO	#NA
54706916	UNITED STATIONERS SUPPLY CO	#NA
54706924	UNITED STATIONERS SUPPLY CO	#NA
54706932	UNITED STATIONERS SUPPLY CO	#NA
54706940	UNITED STATIONERS SUPPLY CO	#NA
54706965	UNITED STATIONERS SUPPLY CO	#NA
54706981	UNITED STATIONERS SUPPLY CO	#NA
54706999	UNITED STATIONERS SUPPLY CO	#NA
54707005	UNITED STATIONERS SUPPLY CO	#NA
54707013	UNITED STATIONERS SUPPLY CO	#NA
54707021	UNITED STATIONERS SUPPLY CO	#NA
54707047	UNITED STATIONERS SUPPLY CO	#NA
54707054	UNITED STATIONERS SUPPLY CO	#NA
54707062	UNITED STATIONERS SUPPLY CO	#NA
54707070	UNITED STATIONERS SUPPLY CO	#NA
54707088	UNITED STATIONERS SUPPLY CO	#NA
54709928	UNITED STATIONERS SUPPLY CO	#NA
54709936	UNITED STATIONERS SUPPLY CO	#NA
54709944	UNITED STATIONERS SUPPLY CO	#NA
54709951	UNITED STATIONERS SUPPLY CO	#NA
54709969	UNITED STATIONERS SUPPLY CO	#NA
54709977	UNITED STATIONERS SUPPLY CO	#NA
54709985	UNITED STATIONERS SUPPLY CO	#NA
54709993	UNITED STATIONERS SUPPLY CO	#NA
54710009	UNITED STATIONERS SUPPLY CO	#NA
54710017	UNITED STATIONERS SUPPLY CO	#NA
54710025	UNITED STATIONERS SUPPLY CO	#NA
54710033	UNITED STATIONERS SUPPLY CO	#NA
54710058	UNITED STATIONERS SUPPLY CO	#NA
54710066	UNITED STATIONERS SUPPLY CO	#NA
54710074	UNITED STATIONERS SUPPLY CO	#NA
54710082	UNITED STATIONERS SUPPLY CO	#NA
54710090	UNITED STATIONERS SUPPLY CO	#NA
54710108	UNITED STATIONERS SUPPLY CO	#NA
54710116	UNITED STATIONERS SUPPLY CO	#NA
54710124	UNITED STATIONERS SUPPLY CO	#NA
54710132	UNITED STATIONERS SUPPLY CO	#NA
54710140	UNITED STATIONERS SUPPLY CO	#NA
54710157	UNITED STATIONERS SUPPLY CO	#NA
54710165	UNITED STATIONERS SUPPLY CO	#NA
54710173	UNITED STATIONERS SUPPLY CO	#NA
54710181	UNITED STATIONERS SUPPLY CO	#NA
54710199	UNITED STATIONERS SUPPLY CO	#NA
54710207	UNITED STATIONERS SUPPLY CO	#NA
54710215	UNITED STATIONERS SUPPLY CO	#NA
54710231	UNITED STATIONERS SUPPLY CO	#NA
54710249	UNITED STATIONERS SUPPLY CO	#NA
54710256	UNITED STATIONERS SUPPLY CO	#NA
54710264	UNITED STATIONERS SUPPLY CO	#NA
54710272	UNITED STATIONERS SUPPLY CO	#NA
54710280	UNITED STATIONERS SUPPLY CO	#NA
54710298	UNITED STATIONERS SUPPLY CO	#NA
54710306	UNITED STATIONERS SUPPLY CO	#NA
54710314	UNITED STATIONERS SUPPLY CO	#NA
54710322	UNITED STATIONERS SUPPLY CO	#NA
54710330	UNITED STATIONERS SUPPLY CO	#NA
54710348	UNITED STATIONERS SUPPLY CO	#NA
54710355	UNITED STATIONERS SUPPLY CO	#NA
54710363	UNITED STATIONERS SUPPLY CO	#NA
54710371	UNITED STATIONERS SUPPLY CO	#NA
54710389	UNITED STATIONERS SUPPLY CO	#NA
54710397	UNITED STATIONERS SUPPLY CO	#NA
54710405	UNITED STATIONERS SUPPLY CO	#NA
54710413	UNITED STATIONERS SUPPLY CO	#NA
54710421	UNITED STATIONERS SUPPLY CO	#NA
54710439	UNITED STATIONERS SUPPLY CO	#NA
54710447	UNITED STATIONERS SUPPLY CO	#NA
54710454	UNITED STATIONERS SUPPLY CO	#NA
54710462	UNITED STATIONERS SUPPLY CO	#NA
54710470	UNITED STATIONERS SUPPLY CO	#NA
54710488	UNITED STATIONERS SUPPLY CO	#NA
54710496	UNITED STATIONERS SUPPLY CO	#NA
54710504	UNITED STATIONERS SUPPLY CO	#NA
54710512	UNITED STATIONERS SUPPLY CO	#NA
54710520	UNITED STATIONERS SUPPLY CO	#NA
54710538	UNITED STATIONERS SUPPLY CO	#NA
54710546	UNITED STATIONERS SUPPLY CO	#NA
54710553	UNITED STATIONERS SUPPLY CO	#NA
54710579	UNITED STATIONERS SUPPLY CO	#NA
54710587	UNITED STATIONERS SUPPLY CO	#NA
54710595	UNITED STATIONERS SUPPLY CO	#NA
54710603	UNITED STATIONERS SUPPLY CO	#NA
54710611	UNITED STATIONERS SUPPLY CO	#NA
54710629	UNITED STATIONERS SUPPLY CO	#NA
54710637	UNITED STATIONERS SUPPLY CO	#NA
54710645	UNITED STATIONERS SUPPLY CO	#NA
54710652	UNITED STATIONERS SUPPLY CO	#NA
54710660	UNITED STATIONERS SUPPLY CO	#NA
54710678	UNITED STATIONERS SUPPLY CO	#NA
54710686	UNITED STATIONERS SUPPLY CO	#NA
54710694	UNITED STATIONERS SUPPLY CO	#NA
54714316	STANLEY-PROTO  #50003290	#NA
54714332	STANLEY-PROTO  #50003290	#NA
54964069	UNITED STATIONERS SUPPLY CO	#NA
55237846	UNITED STATIONERS SUPPLY CO	#NA
55250633	UNITED STATIONERS SUPPLY CO	#NA
55265052	Scientific Cutting Tools	SCIENTIFIC CUTTING TOOLS INC
56339559	CHANNELLOCK, INC.	#NA
56737968	UNITED STATIONERS SUPPLY CO	#NA
57093353	DYMO CORPORATION	DYMO
57198335	Scientific Cutting Tools	SCIENTIFIC CUTTING TOOLS INC
57198426	Scientific Cutting Tools	SCIENTIFIC CUTTING TOOLS INC
57278897	IRWIN IND (HTOOL)	IRWIN
57418261	UNITED STATIONERS SUPPLY CO	#NA
57418287	UNITED STATIONERS SUPPLY CO	#NA
57418303	UNITED STATIONERS SUPPLY CO	#NA
57418311	UNITED STATIONERS SUPPLY CO	#NA
57580748	Starrett	L.S. STARRETT
57580763	Starrett	L.S. STARRETT
58385659	SK HAND TOOL, LLC	#NA
58408949	DYMO CORPORATION	DYMO
58408956	DYMO CORPORATION	DYMO
58408964	DYMO CORPORATION	DYMO
58408972	DYMO CORPORATION	DYMO
58408980	DYMO CORPORATION	DYMO
58408998	DYMO CORPORATION	DYMO
58409004	DYMO CORPORATION	DYMO
58409012	DYMO CORPORATION	DYMO
58409020	DYMO CORPORATION	DYMO
58409038	DYMO CORPORATION	DYMO
58409046	DYMO CORPORATION	DYMO
58409053	DYMO CORPORATION	DYMO
58409061	DYMO CORPORATION	DYMO
58676693	UNITED STATIONERS SUPPLY CO	#NA
58704743	Starrett	L.S. STARRETT
58704909	L.S. STARRETT CO.	L.S. STARRETT
58704941	L.S. STARRETT CO.	L.S. STARRETT
58718859	IRWIN IND (HTOOL)	IRWIN
58718875	IRWIN IND (HTOOL)	IRWIN
58718883	IRWIN IND (HTOOL)	IRWIN
58718891	IRWIN IND (HTOOL)	IRWIN
58719030	IRWIN IND (HTOOL)	IRWIN
58719089	IRWIN IND (HTOOL)	IRWIN
59224717	STANLEY-PROTO  #50003290	#NA
59393546	DYMO CORPORATION	DYMO
59790808	SPI (PIN GAGES)	#NA
60385879	OUR STOCK-MARKING & LABELING	#NA
60564341	SPI (PIN GAGES)	#NA
60564358	SPI (PIN GAGES)	#NA
60564408	SPI (PIN GAGES)	#NA
60757267	FLEXBAR MACHINE CORP.	FLEXBAR MACHINE CORP
60903549	UNITED STATIONERS SUPPLY CO	#NA
61124079	UNITED STATIONERS SUPPLY CO	#NA
61199519	AVEN TOOLS, INC.	#NA
61460978	Scientific Cutting Tools	SCIENTIFIC CUTTING TOOLS INC
61551271	STANLEY-PROTO  #50003290	#NA
61591467	IRWIN IND (HTOOL)	IRWIN
61696894	KNIPEX TOOLS LP	#NA
61773800	KLEIN TOOLS, INC.	#NA
61773818	KLEIN TOOLS, INC.	#NA
61773826	KLEIN TOOLS, INC.	#NA
61773834	KLEIN TOOLS, INC.	#NA
61815882	UNITED STATIONERS SUPPLY CO	#NA
61914537	UNITED STATIONERS SUPPLY CO	#NA
61996419	Scientific Cutting Tools	SCIENTIFIC CUTTING TOOLS INC
62068606	KLEIN TOOLS, INC.	#NA
62327929	BRADY USA, INC.	#NA
62327945	BRADY USA, INC.	#NA
62327960	BRADY USA, INC.	#NA
62328000	BRADY USA, INC.	#NA
62856406	STANLEY-PROTO  #50003290	#NA
62856414	STANLEY-PROTO  #50003290	#NA
62856422	STANLEY-PROTO  #50003290	#NA
62856430	STANLEY-PROTO  #50003290	#NA
62856448	STANLEY-PROTO  #50003290	#NA
63226088	UNITED STATIONERS SUPPLY CO	#NA
63316384	DYMO CORPORATION	DYMO
63326466	MHC TRADING CO (MEASURING)	#NA
63343651	Scientific Cutting Tools	SCIENTIFIC CUTTING TOOLS INC
63359533	DYMO CORPORATION	DYMO
63563837	AMPCO SAFETY TOOLS	#NA
63905517	SPI (PRIME INTL)	#NA
63905525	SPI (PRIME INTL)	#NA
63905533	SPI (PRIME INTL)	#NA
63905541	SPI (CONTACT POINTS)	#NA
64074594	BRADY USA, INC.	#NA
64074602	BRADY USA, INC.	#NA
64074610	BRADY USA, INC.	#NA
64074628	BRADY USA, INC.	#NA
64074636	BRADY USA, INC.	#NA
64074644	BRADY USA, INC.	#NA
64074651	BRADY USA, INC.	#NA
64074669	BRADY USA, INC.	#NA
64074677	BRADY USA, INC.	#NA
64074685	BRADY USA, INC.	#NA
64074693	BRADY USA, INC.	#NA
64074701	BRADY USA, INC.	#NA
64074719	BRADY USA, INC.	#NA
64074727	BRADY USA, INC.	#NA
64074735	BRADY USA, INC.	#NA
64074743	BRADY USA, INC.	#NA
64074750	BRADY USA, INC.	#NA
64074768	BRADY USA, INC.	#NA
64074776	BRADY USA, INC.	#NA
64074784	BRADY USA, INC.	#NA
64074792	BRADY USA, INC.	#NA
64074800	BRADY USA, INC.	#NA
64074818	BRADY USA, INC.	#NA
64074826	BRADY USA, INC.	#NA
64074834	BRADY USA, INC.	#NA
64074842	BRADY USA, INC.	#NA
64074859	BRADY USA, INC.	#NA
64074867	BRADY USA, INC.	#NA
64074875	BRADY USA, INC.	#NA
64074883	BRADY USA, INC.	#NA
64074891	BRADY USA, INC.	#NA
64074909	BRADY USA, INC.	#NA
64074917	BRADY USA, INC.	#NA
64074925	BRADY USA, INC.	#NA
64074933	BRADY USA, INC.	#NA
64074941	BRADY USA, INC.	#NA
64074958	BRADY USA, INC.	#NA
64074966	BRADY USA, INC.	#NA
64074974	BRADY USA, INC.	#NA
64074982	BRADY USA, INC.	#NA
64074990	BRADY USA, INC.	#NA
64075005	BRADY USA, INC.	#NA
64075013	BRADY USA, INC.	#NA
64075021	BRADY USA, INC.	#NA
64075039	BRADY USA, INC.	#NA
64075047	BRADY USA, INC.	#NA
64075054	BRADY USA, INC.	#NA
64130297	BRADY USA, INC.	#NA
64130347	BRADY USA, INC.	#NA
64130354	BRADY USA, INC.	#NA
64130362	BRADY USA, INC.	#NA
64130370	BRADY USA, INC.	#NA
64130388	BRADY USA, INC.	#NA
64130396	BRADY USA, INC.	#NA
64130404	BRADY USA, INC.	#NA
64130412	BRADY USA, INC.	#NA
64130420	BRADY USA, INC.	#NA
64130438	BRADY USA, INC.	#NA
64130446	BRADY USA, INC.	#NA
64130453	BRADY USA, INC.	#NA
64130461	BRADY USA, INC.	#NA
64130479	BRADY USA, INC.	#NA
64130487	BRADY USA, INC.	#NA
64130495	BRADY USA, INC.	#NA
64130503	BRADY USA, INC.	#NA
64130511	BRADY USA, INC.	#NA
64130529	BRADY USA, INC.	#NA
64130537	BRADY USA, INC.	#NA
64130545	BRADY USA, INC.	#NA
64130552	BRADY USA, INC.	#NA
64130560	BRADY USA, INC.	#NA
64130578	BRADY USA, INC.	#NA
64130586	BRADY USA, INC.	#NA
64130594	BRADY USA, INC.	#NA
64130602	BRADY USA, INC.	#NA
64130610	BRADY USA, INC.	#NA
64130628	BRADY USA, INC.	#NA
64130636	BRADY USA, INC.	#NA
64130644	BRADY USA, INC.	#NA
64130651	BRADY USA, INC.	#NA
64130669	BRADY USA, INC.	#NA
64130677	BRADY USA, INC.	#NA
64130685	BRADY USA, INC.	#NA
64130693	BRADY USA, INC.	#NA
64130701	BRADY USA, INC.	#NA
64130719	BRADY USA, INC.	#NA
64130727	BRADY USA, INC.	#NA
64130735	BRADY USA, INC.	#NA
64130743	BRADY USA, INC.	#NA
64130750	BRADY USA, INC.	#NA
64130768	BRADY USA, INC.	#NA
64130776	BRADY USA, INC.	#NA
64130784	BRADY USA, INC.	#NA
64130818	BRADY USA, INC.	#NA
64130826	BRADY USA, INC.	#NA
64130834	BRADY USA, INC.	#NA
64130842	BRADY USA, INC.	#NA
64130875	BRADY USA, INC.	#NA
64130883	BRADY USA, INC.	#NA
64130891	BRADY USA, INC.	#NA
64130909	BRADY USA, INC.	#NA
64130917	BRADY USA, INC.	#NA
64131089	BRADY USA, INC.	#NA
64131097	BRADY USA, INC.	#NA
64131105	BRADY USA, INC.	#NA
64131113	BRADY USA, INC.	#NA
64131121	BRADY USA, INC.	#NA
64131139	BRADY USA, INC.	#NA
64131147	BRADY USA, INC.	#NA
64131154	BRADY USA, INC.	#NA
64132376	BRADY USA, INC.	#NA
64132384	BRADY USA, INC.	#NA
64132392	BRADY USA, INC.	#NA
64132418	BRADY USA, INC.	#NA
64132426	BRADY USA, INC.	#NA
64132434	BRADY USA, INC.	#NA
64132467	BRADY USA, INC.	#NA
64132475	BRADY USA, INC.	#NA
64132483	BRADY USA, INC.	#NA
64132491	BRADY USA, INC.	#NA
64132509	BRADY USA, INC.	#NA
64132517	BRADY USA, INC.	#NA
64132574	BRADY USA, INC.	#NA
64132582	BRADY USA, INC.	#NA
64132590	BRADY USA, INC.	#NA
64132772	BRADY USA, INC.	#NA
64132780	BRADY USA, INC.	#NA
64132798	BRADY USA, INC.	#NA
64132806	BRADY USA, INC.	#NA
64132814	BRADY USA, INC.	#NA
64132822	BRADY USA, INC.	#NA
64132830	BRADY USA, INC.	#NA
64132848	BRADY USA, INC.	#NA
64132855	BRADY USA, INC.	#NA
64132863	BRADY USA, INC.	#NA
64132988	BRADY USA, INC.	#NA
64132996	BRADY USA, INC.	#NA
64133002	BRADY USA, INC.	#NA
64133010	BRADY USA, INC.	#NA
64133028	BRADY USA, INC.	#NA
64133036	BRADY USA, INC.	#NA
64133044	BRADY USA, INC.	#NA
64133051	BRADY USA, INC.	#NA
64133069	BRADY USA, INC.	#NA
64165442	BRADY USA, INC.	#NA
64165459	BRADY USA, INC.	#NA
64165467	BRADY USA, INC.	#NA
64166119	BRADY USA, INC.	#NA
64166127	BRADY USA, INC.	#NA
64166135	BRADY USA, INC.	#NA
64170343	BRADY USA, INC.	#NA
64170350	BRADY USA, INC.	#NA
64170368	BRADY USA, INC.	#NA
64170491	BRADY USA, INC.	#NA
64170509	BRADY USA, INC.	#NA
64170517	BRADY USA, INC.	#NA
64170525	BRADY USA, INC.	#NA
64170533	BRADY USA, INC.	#NA
64170541	BRADY USA, INC.	#NA
64170558	BRADY USA, INC.	#NA
64170566	BRADY USA, INC.	#NA
64170574	BRADY USA, INC.	#NA
64170582	BRADY USA, INC.	#NA
64170640	BRADY USA, INC.	#NA
64170665	BRADY USA, INC.	#NA
64170673	BRADY USA, INC.	#NA
64170681	BRADY USA, INC.	#NA
64170699	BRADY USA, INC.	#NA
64170707	BRADY USA, INC.	#NA
64170715	BRADY USA, INC.	#NA
64170723	BRADY USA, INC.	#NA
64170731	BRADY USA, INC.	#NA
64170749	BRADY USA, INC.	#NA
64170756	BRADY USA, INC.	#NA
64170764	BRADY USA, INC.	#NA
64170772	BRADY USA, INC.	#NA
64170780	BRADY USA, INC.	#NA
64170798	BRADY USA, INC.	#NA
64170806	BRADY USA, INC.	#NA
64170897	BRADY USA, INC.	#NA
64170905	BRADY USA, INC.	#NA
64170913	BRADY USA, INC.	#NA
64170954	BRADY USA, INC.	#NA
64170962	BRADY USA, INC.	#NA
64170988	BRADY USA, INC.	#NA
64170996	BRADY USA, INC.	#NA
64171010	BRADY USA, INC.	#NA
64171028	BRADY USA, INC.	#NA
64172596	BRADY USA, INC.	#NA
64172604	BRADY USA, INC.	#NA
64172612	BRADY USA, INC.	#NA
64172760	BRADY USA, INC.	#NA
64172778	BRADY USA, INC.	#NA
64172786	BRADY USA, INC.	#NA
64172794	BRADY USA, INC.	#NA
64172802	BRADY USA, INC.	#NA
64172810	BRADY USA, INC.	#NA
64172828	BRADY USA, INC.	#NA
64172836	BRADY USA, INC.	#NA
64172844	BRADY USA, INC.	#NA
64172851	BRADY USA, INC.	#NA
64172869	BRADY USA, INC.	#NA
64172877	BRADY USA, INC.	#NA
64172885	BRADY USA, INC.	#NA
64172976	BRADY USA, INC.	#NA
64172984	BRADY USA, INC.	#NA
64210560	BRADY USA, INC.	#NA
64210578	BRADY USA, INC.	#NA
64210586	BRADY USA, INC.	#NA
64210594	BRADY USA, INC.	#NA
64210602	BRADY USA, INC.	#NA
64210610	BRADY USA, INC.	#NA
64210628	BRADY USA, INC.	#NA
64210636	BRADY USA, INC.	#NA
64210644	BRADY USA, INC.	#NA
64210651	BRADY USA, INC.	#NA
64210669	BRADY USA, INC.	#NA
64210677	BRADY USA, INC.	#NA
64210693	BRADY USA, INC.	#NA
64210701	BRADY USA, INC.	#NA
64210735	BRADY USA, INC.	#NA
64210776	BRADY USA, INC.	#NA
64210784	BRADY USA, INC.	#NA
64210842	BRADY USA, INC.	#NA
64210859	BRADY USA, INC.	#NA
64210867	BRADY USA, INC.	#NA
64210925	BRADY USA, INC.	#NA
64210933	BRADY USA, INC.	#NA
64210941	BRADY USA, INC.	#NA
64210958	BRADY USA, INC.	#NA
64210966	BRADY USA, INC.	#NA
64210974	BRADY USA, INC.	#NA
64211147	BRADY USA, INC.	#NA
64212574	BRADY USA, INC.	#NA
64357312	DYMO CORPORATION	DYMO
64581135	Scientific Cutting Tools	SCIENTIFIC CUTTING TOOLS INC
64664055	Scientific Cutting Tools	SCIENTIFIC CUTTING TOOLS INC
64728231	Scientific Cutting Tools	SCIENTIFIC CUTTING TOOLS INC
65577538	Scientific Cutting Tools	SCIENTIFIC CUTTING TOOLS INC
66076704	DYMO CORPORATION	DYMO
66091307	CHANNELLOCK, INC.	#NA
66337486	DYMO CORPORATION	DYMO
66337494	DYMO CORPORATION	DYMO
66337502	DYMO CORPORATION	DYMO
66337510	DYMO CORPORATION	DYMO
66337528	DYMO CORPORATION	DYMO
66337544	DYMO CORPORATION	DYMO
66337551	DYMO CORPORATION	DYMO
66337726	DYMO CORPORATION	DYMO
66337759	DYMO CORPORATION	DYMO
66337767	DYMO CORPORATION	DYMO
66337783	DYMO CORPORATION	DYMO
66337791	DYMO CORPORATION	DYMO
66337809	DYMO CORPORATION	DYMO
66337833	DYMO CORPORATION	DYMO
66337858	DYMO CORPORATION	DYMO
66337866	DYMO CORPORATION	DYMO
66337874	DYMO CORPORATION	DYMO
66337882	DYMO CORPORATION	DYMO
66358938	DYMO CORPORATION	DYMO
66420415	UNITED STATIONERS SUPPLY CO	#NA
66535006	UNITED STATIONERS SUPPLY CO	#NA
66541343	DYMO CORPORATION	DYMO
66861360	UNITED STATIONERS SUPPLY CO	#NA
66861378	UNITED STATIONERS SUPPLY CO	#NA
66861386	UNITED STATIONERS SUPPLY CO	#NA
66861394	UNITED STATIONERS SUPPLY CO	#NA
66861402	UNITED STATIONERS SUPPLY CO	#NA
66861410	UNITED STATIONERS SUPPLY CO	#NA
66861428	UNITED STATIONERS SUPPLY CO	#NA
66861436	UNITED STATIONERS SUPPLY CO	#NA
66861444	UNITED STATIONERS SUPPLY CO	#NA
66861451	UNITED STATIONERS SUPPLY CO	#NA
66861469	UNITED STATIONERS SUPPLY CO	#NA
66861477	UNITED STATIONERS SUPPLY CO	#NA
66861485	UNITED STATIONERS SUPPLY CO	#NA
66861493	UNITED STATIONERS SUPPLY CO	#NA
66861501	UNITED STATIONERS SUPPLY CO	#NA
66861519	UNITED STATIONERS SUPPLY CO	#NA
66861527	UNITED STATIONERS SUPPLY CO	#NA
66861535	UNITED STATIONERS SUPPLY CO	#NA
66861543	UNITED STATIONERS SUPPLY CO	#NA
66861568	UNITED STATIONERS SUPPLY CO	#NA
66861576	UNITED STATIONERS SUPPLY CO	#NA
66921156	UNITED STATIONERS SUPPLY CO	#NA
66921883	UNITED STATIONERS SUPPLY CO	#NA
66921925	UNITED STATIONERS SUPPLY CO	#NA
66986795	UNITED STATIONERS SUPPLY CO	#NA
67184846	CONQUEST INDUSTRIES	#NA
67184853	CONQUEST INDUSTRIES	#NA
67294587	NOGA (MSRIN)2	#NA
67294595	NOGA (MSRIN)2	#NA
67387738	HEXAGON METROLOGY (D)	#NA
67439745	Scientific Cutting Tools	SCIENTIFIC CUTTING TOOLS INC
67442137	BRADY USA, INC.	#NA
67703140	MITUTOYO AMERICA CORP.	#NA
67914515	Scientific Cutting Tools	SCIENTIFIC CUTTING TOOLS INC
68021138	BRADY USA, INC.	#NA
68067222	Scientific Cutting Tools	SCIENTIFIC CUTTING TOOLS INC
68067370	Scientific Cutting Tools	SCIENTIFIC CUTTING TOOLS INC
68154285	PARAMOUNT PLIERS L (APO)	#NA
68447127	UNITED STATIONERS SUPPLY CO	#NA
68613488	DYMO CORPORATION	DYMO
68823095	UNITED STATIONERS SUPPLY CO	#NA
68823277	UNITED STATIONERS SUPPLY CO	#NA
68925148	UNITED STATIONERS SUPPLY CO	#NA
69289239	UNITED STATIONERS SUPPLY CO	#NA
69396190	UNITED STATIONERS SUPPLY CO	#NA
70504626	UNITED STATIONERS SUPPLY CO	#NA
70665534	WILLI HAHN CORPORATION U.S.A.	#NA
70665542	WILLI HAHN CORPORATION U.S.A.	#NA
70877675	UNITED STATIONERS SUPPLY CO	#NA
71040109	Scientific Cutting Tools	SCIENTIFIC CUTTING TOOLS INC
71376305	UNITED STATIONERS SUPPLY CO	#NA
71393458	Scientific Cutting Tools	SCIENTIFIC CUTTING TOOLS INC
71393466	Scientific Cutting Tools	SCIENTIFIC CUTTING TOOLS INC
71399240	KNIPEX TOOLS LP	#NA
71962625	Scientific Cutting Tools	SCIENTIFIC CUTTING TOOLS INC
71962641	Scientific Cutting Tools	SCIENTIFIC CUTTING TOOLS INC
71996771	DYMO CORPORATION	DYMO
72549736	APEX TOOL GROUP(COOPER TOOLS)	#NA
72549769	APEX TOOL GROUP(COOPER TOOLS)	#NA
72549785	APEX TOOL GROUP(COOPER TOOLS)	#NA
72549793	APEX TOOL GROUP(COOPER TOOLS)	#NA
72549801	APEX TOOL GROUP(COOPER TOOLS)	#NA
72774961	Scientific Cutting Tools	SCIENTIFIC CUTTING TOOLS INC
73039414	BRADY USA, INC.	#NA
73039430	BRADY USA, INC.	#NA
73047342	BRADY USA, INC.	#NA
73047375	BRADY USA, INC.	#NA
73047383	BRADY USA, INC.	#NA
73047391	BRADY USA, INC.	#NA
73117475	UNITED STATIONERS SUPPLY CO	#NA
73306391	DYMO CORPORATION	DYMO
73306417	DYMO CORPORATION	DYMO
73674194	UNITED STATIONERS SUPPLY CO	#NA
73720617	UNITED STATIONERS SUPPLY CO	#NA
73756843	UNITED STATIONERS SUPPLY CO	#NA
74100991	NOGA (MSRIN)2	#NA
74112756	Scientific Cutting Tools	SCIENTIFIC CUTTING TOOLS INC
74112814	Scientific Cutting Tools	SCIENTIFIC CUTTING TOOLS INC
74516576	SPI (BASES)	#NA
74516584	SPI (BASES)	#NA
74533928	Scientific Cutting Tools	SCIENTIFIC CUTTING TOOLS INC
74719261	Starrett	L.S. STARRETT
75096560	Scientific Cutting Tools	SCIENTIFIC CUTTING TOOLS INC
75190090	UNITED STATIONERS SUPPLY CO	#NA
75230755	APEX TOOL GROUP	#NA
75255083	DYMO CORPORATION	DYMO
75255109	DYMO CORPORATION	DYMO
75288985	DYMO CORPORATION	DYMO
75752154	Scientific Cutting Tools	SCIENTIFIC CUTTING TOOLS INC
75927319	NATIONAL MARKER COMPANY	#NA
75927376	NATIONAL MARKER COMPANY	#NA
76108844	Scientific Cutting Tools	SCIENTIFIC CUTTING TOOLS INC
76266436	BRADY USA, INC.	#NA
76451517	MHC TRADING CO (MEASURING)	#NA
76521764	APEX TOOL GROUP(COOPER TOOLS)	#NA
76521772	APEX TOOL GROUP(COOPER TOOLS)	#NA
76565969	DYMO CORPORATION	DYMO
76580109	MHC TRADING CO (MEASURING)	#NA
76636067	CHANNELLOCK, INC.	#NA
76636091	CHANNELLOCK, INC.	#NA
76636109	CHANNELLOCK, INC.	#NA
76636125	CHANNELLOCK, INC.	#NA
76636166	CHANNELLOCK, INC.	#NA
76911718	DYMO CORPORATION	DYMO
77385839	Scientific Cutting Tools	SCIENTIFIC CUTTING TOOLS INC
77476505	PARAMOUNT DEADBLOW HAMMERS(APO	#NA
77476554	PARAMOUNT DEADBLOW HAMMERS(APO	#NA
77476562	PARAMOUNT DEADBLOW HAMMERS(APO	#NA
77476570	PARAMOUNT DEADBLOW HAMMERS(APO	#NA
77476588	PARAMOUNT DEADBLOW HAMMERS(APO	#NA
77476620	PARAMOUNT DEADBLOW HAMMERS(APO	#NA
77476638	PARAMOUNT DEADBLOW HAMMERS(APO	#NA
77558377	DYMO CORPORATION	DYMO
77854883	FRED V. FOWLER COMPANY INC.	#NA
78357456	DYMO CORPORATION	DYMO
78357464	DYMO CORPORATION	DYMO
78401395	KLEIN TOOLS, INC.	#NA
78416997	DYMO CORPORATION	DYMO
79141453	UNITED STATIONERS SUPPLY CO	#NA
79558136	DYMO CORPORATION	DYMO
79558151	DYMO CORPORATION	DYMO
79558169	DYMO CORPORATION	DYMO
79558185	DYMO CORPORATION	DYMO
79616728	NATIONAL MARKER COMPANY	#NA
79616736	NATIONAL MARKER COMPANY	#NA
79616744	NATIONAL MARKER COMPANY	#NA
79616751	NATIONAL MARKER COMPANY	#NA
79616769	NATIONAL MARKER COMPANY	#NA
79616777	NATIONAL MARKER COMPANY	#NA
79616785	NATIONAL MARKER COMPANY	#NA
79616793	NATIONAL MARKER COMPANY	#NA
79616801	NATIONAL MARKER COMPANY	#NA
80029697	CHANNELLOCK, INC.	#NA
80198476	NOGA (MSRIN)2	#NA
80702673	DYMO CORPORATION	DYMO
80835689	UNITED STATIONERS SUPPLY CO	#NA
80865066	Scientific Cutting Tools	SCIENTIFIC CUTTING TOOLS INC
81072324	CHANNELLOCK, INC.	#NA
81093882	UNITED STATIONERS SUPPLY CO	#NA
81225682	CHANNELLOCK, INC.	#NA
81257826	DYMO CORPORATION	DYMO
81299497	Scientific Cutting Tools	SCIENTIFIC CUTTING TOOLS INC
81299513	Scientific Cutting Tools	SCIENTIFIC CUTTING TOOLS INC
81459802	Scientific Cutting Tools	SCIENTIFIC CUTTING TOOLS INC
81573768	UNITED STATIONERS SUPPLY CO	#NA
81629255	UNITED STATIONERS SUPPLY CO	#NA
81629263	UNITED STATIONERS SUPPLY CO	#NA
81629271	UNITED STATIONERS SUPPLY CO	#NA
81629289	UNITED STATIONERS SUPPLY CO	#NA
81629297	UNITED STATIONERS SUPPLY CO	#NA
81629305	UNITED STATIONERS SUPPLY CO	#NA
81629313	UNITED STATIONERS SUPPLY CO	#NA
81629321	UNITED STATIONERS SUPPLY CO	#NA
81629339	UNITED STATIONERS SUPPLY CO	#NA
81629347	UNITED STATIONERS SUPPLY CO	#NA
81629362	UNITED STATIONERS SUPPLY CO	#NA
81629370	UNITED STATIONERS SUPPLY CO	#NA
81629388	UNITED STATIONERS SUPPLY CO	#NA
81629396	UNITED STATIONERS SUPPLY CO	#NA
81629412	UNITED STATIONERS SUPPLY CO	#NA
81629420	UNITED STATIONERS SUPPLY CO	#NA
81629438	UNITED STATIONERS SUPPLY CO	#NA
81629446	UNITED STATIONERS SUPPLY CO	#NA
81629453	UNITED STATIONERS SUPPLY CO	#NA
81629461	UNITED STATIONERS SUPPLY CO	#NA
81629479	UNITED STATIONERS SUPPLY CO	#NA
81629487	UNITED STATIONERS SUPPLY CO	#NA
81629495	UNITED STATIONERS SUPPLY CO	#NA
81629503	UNITED STATIONERS SUPPLY CO	#NA
81629511	UNITED STATIONERS SUPPLY CO	#NA
81629529	UNITED STATIONERS SUPPLY CO	#NA
81629537	UNITED STATIONERS SUPPLY CO	#NA
81629552	UNITED STATIONERS SUPPLY CO	#NA
81629560	UNITED STATIONERS SUPPLY CO	#NA
81629578	UNITED STATIONERS SUPPLY CO	#NA
81629586	UNITED STATIONERS SUPPLY CO	#NA
81629594	UNITED STATIONERS SUPPLY CO	#NA
81629602	UNITED STATIONERS SUPPLY CO	#NA
81629610	UNITED STATIONERS SUPPLY CO	#NA
81629628	UNITED STATIONERS SUPPLY CO	#NA
81629636	UNITED STATIONERS SUPPLY CO	#NA
81629644	UNITED STATIONERS SUPPLY CO	#NA
81629651	UNITED STATIONERS SUPPLY CO	#NA
81629669	UNITED STATIONERS SUPPLY CO	#NA
81629677	UNITED STATIONERS SUPPLY CO	#NA
81629685	UNITED STATIONERS SUPPLY CO	#NA
81629693	UNITED STATIONERS SUPPLY CO	#NA
81629701	UNITED STATIONERS SUPPLY CO	#NA
81634032	UNITED STATIONERS SUPPLY CO	#NA
81913261	SPI (CONTACT POINTS)	#NA
82137944	NATIONAL MARKER COMPANY	#NA
82137951	NATIONAL MARKER COMPANY	#NA
82137969	NATIONAL MARKER COMPANY	#NA
82137977	NATIONAL MARKER COMPANY	#NA
82137985	NATIONAL MARKER COMPANY	#NA
82137993	NATIONAL MARKER COMPANY	#NA
82138009	NATIONAL MARKER COMPANY	#NA
82138017	NATIONAL MARKER COMPANY	#NA
82474560	UNITED STATIONERS SUPPLY CO	#NA
82580382	DYMO CORPORATION	DYMO
82688565	Scientific Cutting Tools	SCIENTIFIC CUTTING TOOLS INC
82983321	Scientific Cutting Tools	SCIENTIFIC CUTTING TOOLS INC
82983842	Scientific Cutting Tools	SCIENTIFIC CUTTING TOOLS INC
83141267	Scientific Cutting Tools	SCIENTIFIC CUTTING TOOLS INC
83193359	DYMO CORPORATION	DYMO
83937938	UNITED STATIONERS SUPPLY CO	#NA
84331412	Scientific Cutting Tools	SCIENTIFIC CUTTING TOOLS INC
84331461	Scientific Cutting Tools	SCIENTIFIC CUTTING TOOLS INC
84438332	UNITED STATIONERS SUPPLY CO	#NA
84586346	NATIONAL MARKER COMPANY	#NA
84586353	NATIONAL MARKER COMPANY	#NA
84586361	NATIONAL MARKER COMPANY	#NA
84586379	NATIONAL MARKER COMPANY	#NA
84586387	NATIONAL MARKER COMPANY	#NA
84586395	NATIONAL MARKER COMPANY	#NA
84586403	NATIONAL MARKER COMPANY	#NA
84586411	NATIONAL MARKER COMPANY	#NA
84586486	NATIONAL MARKER COMPANY	#NA
84586494	NATIONAL MARKER COMPANY	#NA
84586502	NATIONAL MARKER COMPANY	#NA
84586510	NATIONAL MARKER COMPANY	#NA
84586528	NATIONAL MARKER COMPANY	#NA
84586536	NATIONAL MARKER COMPANY	#NA
84586544	NATIONAL MARKER COMPANY	#NA
84586551	NATIONAL MARKER COMPANY	#NA
84586569	NATIONAL MARKER COMPANY	#NA
84586577	NATIONAL MARKER COMPANY	#NA
84586585	NATIONAL MARKER COMPANY	#NA
84586593	NATIONAL MARKER COMPANY	#NA
84586601	NATIONAL MARKER COMPANY	#NA
84586619	NATIONAL MARKER COMPANY	#NA
84586635	NATIONAL MARKER COMPANY	#NA
84586643	NATIONAL MARKER COMPANY	#NA
84586700	NATIONAL MARKER COMPANY	#NA
84586718	NATIONAL MARKER COMPANY	#NA
84586726	NATIONAL MARKER COMPANY	#NA
84586734	NATIONAL MARKER COMPANY	#NA
84586742	NATIONAL MARKER COMPANY	#NA
84586759	NATIONAL MARKER COMPANY	#NA
84586767	NATIONAL MARKER COMPANY	#NA
84586809	NATIONAL MARKER COMPANY	#NA
84586817	NATIONAL MARKER COMPANY	#NA
84586825	NATIONAL MARKER COMPANY	#NA
84586833	NATIONAL MARKER COMPANY	#NA
84586841	NATIONAL MARKER COMPANY	#NA
84586866	NATIONAL MARKER COMPANY	#NA
84586882	NATIONAL MARKER COMPANY	#NA
84586890	NATIONAL MARKER COMPANY	#NA
84586908	NATIONAL MARKER COMPANY	#NA
84586916	NATIONAL MARKER COMPANY	#NA
84587096	NATIONAL MARKER COMPANY	#NA
84587104	NATIONAL MARKER COMPANY	#NA
84587112	NATIONAL MARKER COMPANY	#NA
84587120	NATIONAL MARKER COMPANY	#NA
84587138	NATIONAL MARKER COMPANY	#NA
84587146	NATIONAL MARKER COMPANY	#NA
84803915	DYMO CORPORATION	DYMO
84803923	DYMO CORPORATION	DYMO
84853944	UNITED STATIONERS SUPPLY CO	#NA
85060374	UNITED STATIONERS SUPPLY CO	#NA
85398279	DYMO CORPORATION	DYMO
86173879	KENNAMETAL (HOLEMAKING)	#NA
86173895	KENNAMETAL (HOLEMAKING)	#NA
86173903	KENNAMETAL (HOLEMAKING)	#NA
86173911	KENNAMETAL (HOLEMAKING)	#NA
86173929	KENNAMETAL (HOLEMAKING)	#NA
86173945	KENNAMETAL (HOLEMAKING)	#NA
86173952	KENNAMETAL (HOLEMAKING)	#NA
86173960	KENNAMETAL (HOLEMAKING)	#NA
86173986	KENNAMETAL (HOLEMAKING)	#NA
86173994	KENNAMETAL (HOLEMAKING)	#NA
86174000	KENNAMETAL (HOLEMAKING)	#NA
86174018	KENNAMETAL (HOLEMAKING)	#NA
86174026	KENNAMETAL (HOLEMAKING)	#NA
86174034	KENNAMETAL (HOLEMAKING)	#NA
86174042	KENNAMETAL (HOLEMAKING)	#NA
86174059	KENNAMETAL (HOLEMAKING)	#NA
86174067	KENNAMETAL (HOLEMAKING)	#NA
86174075	KENNAMETAL (HOLEMAKING)	#NA
86174083	KENNAMETAL (HOLEMAKING)	#NA
86174091	KENNAMETAL (HOLEMAKING)	#NA
86174109	KENNAMETAL (HOLEMAKING)	#NA
86174117	KENNAMETAL (HOLEMAKING)	#NA
86174133	KENNAMETAL (HOLEMAKING)	#NA
86174158	KENNAMETAL (HOLEMAKING)	#NA
86174166	KENNAMETAL (HOLEMAKING)	#NA
86174174	KENNAMETAL (HOLEMAKING)	#NA
86174182	KENNAMETAL (REPLACES METCUT)	#NA
86174208	KENNAMETAL (HOLEMAKING)	#NA
86174216	KENNAMETAL (HOLEMAKING)	#NA
86174729	KENNAMETAL (HOLEMAKING)	#NA
86174737	KENNAMETAL (HOLEMAKING)	#NA
86174745	KENNAMETAL (HOLEMAKING)	#NA
86174752	KENNAMETAL (REPLACES METCUT)	#NA
86174760	KENNAMETAL (HOLEMAKING)	#NA
86174778	KENNAMETAL (HOLEMAKING)	#NA
86174786	KENNAMETAL (HOLEMAKING)	#NA
86174810	KENNAMETAL (HOLEMAKING)	#NA
86176641	KENNAMETAL (HOLEMAKING)	#NA
86176690	KENNAMETAL (HOLEMAKING)	#NA
86176716	KENNAMETAL (HOLEMAKING)	#NA
86176724	KENNAMETAL (HOLEMAKING)	#NA
86176732	KENNAMETAL (HOLEMAKING)	#NA
86176740	KENNAMETAL (HOLEMAKING)	#NA
86176757	KENNAMETAL (HOLEMAKING)	#NA
86176765	KENNAMETAL (HOLEMAKING)	#NA
86176781	KENNAMETAL (HOLEMAKING)	#NA
86176799	KENNAMETAL (HOLEMAKING)	#NA
86176807	KENNAMETAL (HOLEMAKING)	#NA
86176815	KENNAMETAL (HOLEMAKING)	#NA
86176823	KENNAMETAL (HOLEMAKING)	#NA
86176831	KENNAMETAL (HOLEMAKING)	#NA
86176849	KENNAMETAL (HOLEMAKING)	#NA
86176856	KENNAMETAL (HOLEMAKING)	#NA
86176864	KENNAMETAL (HOLEMAKING)	#NA
86176872	KENNAMETAL (HOLEMAKING)	#NA
86176880	KENNAMETAL (HOLEMAKING)	#NA
86176898	KENNAMETAL (HOLEMAKING)	#NA
86176906	KENNAMETAL (HOLEMAKING)	#NA
86176914	KENNAMETAL (HOLEMAKING)	#NA
86176922	KENNAMETAL (HOLEMAKING)	#NA
86176930	KENNAMETAL (HOLEMAKING)	#NA
86176948	KENNAMETAL (HOLEMAKING)	#NA
86176971	KENNAMETAL (HOLEMAKING)	#NA
86176997	KENNAMETAL (HOLEMAKING)	#NA
86177029	KENNAMETAL (HOLEMAKING)	#NA
86177037	KENNAMETAL (HOLEMAKING)	#NA
86177052	KENNAMETAL (REPLACES METCUT)	#NA
86177086	KENNAMETAL (HOLEMAKING)	#NA
86177102	KENNAMETAL (REPLACES METCUT)	#NA
86177128	KENNAMETAL (HOLEMAKING)	#NA
86177136	KENNAMETAL (HOLEMAKING)	#NA
86177144	KENNAMETAL (HOLEMAKING)	#NA
86177151	KENNAMETAL (HOLEMAKING)	#NA
86177169	KENNAMETAL (HOLEMAKING)	#NA
86177193	KENNAMETAL (HOLEMAKING)	#NA
86177201	KENNAMETAL (HOLEMAKING)	#NA
86177227	KENNAMETAL (HOLEMAKING)	#NA
86177243	KENNAMETAL (HOLEMAKING)	#NA
86177250	KENNAMETAL (HOLEMAKING)	#NA
86177268	KENNAMETAL (HOLEMAKING)	#NA
86177276	KENNAMETAL (HOLEMAKING)	#NA
86177284	KENNAMETAL (HOLEMAKING)	#NA
86177292	KENNAMETAL (REPLACES METCUT)	#NA
86274610	BRADY USA, INC.	#NA
86348596	DYMO CORPORATION	DYMO
86422177	L.S. STARRETT CO.	L.S. STARRETT
86422185	L.S. STARRETT CO.	L.S. STARRETT
86422284	L.S. STARRETT CO.	L.S. STARRETT
86422474	L.S. STARRETT CO.	L.S. STARRETT
86608890	DYMO CORPORATION	DYMO
86612850	BRADY USA, INC.	#NA
86620606	BRADY USA, INC.	#NA
87032850	UNITED STATIONERS SUPPLY CO	#NA
87188058	UNITED STATIONERS SUPPLY CO	#NA
87372900	BRADY USA, INC.	#NA
87653622	UNITED STATIONERS SUPPLY CO	#NA
88408620	DYMO CORPORATION	DYMO
88846191	DYMO CORPORATION	DYMO
89001002	DYMO CORPORATION	DYMO
89298285	UNITED STATIONERS SUPPLY CO	#NA
89692222	UNITED STATIONERS SUPPLY CO	#NA
89799043	DYMO CORPORATION	DYMO
89799126	DYMO CORPORATION	DYMO
91016964	Scientific Cutting Tools	SCIENTIFIC CUTTING TOOLS INC
91312561	UNITED STATIONERS SUPPLY CO	#NA
91543447	UNITED STATIONERS SUPPLY CO	#NA
92217090	Scientific Cutting Tools	SCIENTIFIC CUTTING TOOLS INC
92217124	Scientific Cutting Tools	SCIENTIFIC CUTTING TOOLS INC
92217165	Scientific Cutting Tools	SCIENTIFIC CUTTING TOOLS INC
92217181	Scientific Cutting Tools	SCIENTIFIC CUTTING TOOLS INC
92217231	Scientific Cutting Tools	SCIENTIFIC CUTTING TOOLS INC
92259084	NOGA (MSRIN)2	#NA
92321488	Scientific Cutting Tools	SCIENTIFIC CUTTING TOOLS INC
92496793	Scientific Cutting Tools	SCIENTIFIC CUTTING TOOLS INC
92496876	Scientific Cutting Tools	SCIENTIFIC CUTTING TOOLS INC
92779958	DYMO CORPORATION	DYMO
92779990	DYMO CORPORATION	DYMO
92780006	DYMO CORPORATION	DYMO
92780014	DYMO CORPORATION	DYMO
92780022	DYMO CORPORATION	DYMO
92780030	DYMO CORPORATION	DYMO
92780048	DYMO CORPORATION	DYMO
92780055	DYMO CORPORATION	DYMO
92780071	DYMO CORPORATION	DYMO
92780089	DYMO CORPORATION	DYMO
92780097	DYMO CORPORATION	DYMO
92780113	DYMO CORPORATION	DYMO
92780121	DYMO CORPORATION	DYMO
92780139	DYMO CORPORATION	DYMO
92780147	DYMO CORPORATION	DYMO
92780154	DYMO CORPORATION	DYMO
92780162	DYMO CORPORATION	DYMO
92780188	DYMO CORPORATION	DYMO
92780204	DYMO CORPORATION	DYMO
92780212	DYMO CORPORATION	DYMO
92780238	DYMO CORPORATION	DYMO
92780246	DYMO CORPORATION	DYMO
92780253	DYMO CORPORATION	DYMO
92780279	DYMO CORPORATION	DYMO
92780295	DYMO CORPORATION	DYMO
92780303	DYMO CORPORATION	DYMO
92780311	DYMO CORPORATION	DYMO
92780329	DYMO CORPORATION	DYMO
92780337	DYMO CORPORATION	DYMO
92780345	DYMO CORPORATION	DYMO
92780360	DYMO CORPORATION	DYMO
92780378	DYMO CORPORATION	DYMO
92780386	DYMO CORPORATION	DYMO
92780402	DYMO CORPORATION	DYMO
92780410	DYMO CORPORATION	DYMO
92780428	DYMO CORPORATION	DYMO
92780436	DYMO CORPORATION	DYMO
92780444	DYMO CORPORATION	DYMO
92780469	DYMO CORPORATION	DYMO
92780477	DYMO CORPORATION	DYMO
92780485	DYMO CORPORATION	DYMO
92780493	DYMO CORPORATION	DYMO
92780501	DYMO CORPORATION	DYMO
92780519	DYMO CORPORATION	DYMO
92780527	DYMO CORPORATION	DYMO
92780535	DYMO CORPORATION	DYMO
92780543	DYMO CORPORATION	DYMO
92780550	DYMO CORPORATION	DYMO
92780568	DYMO CORPORATION	DYMO
92780576	DYMO CORPORATION	DYMO
92780584	DYMO CORPORATION	DYMO
92780592	DYMO CORPORATION	DYMO
92780600	DYMO CORPORATION	DYMO
92780618	DYMO CORPORATION	DYMO
92780642	DYMO CORPORATION	DYMO
92780659	DYMO CORPORATION	DYMO
92780667	DYMO CORPORATION	DYMO
92780675	DYMO CORPORATION	DYMO
92780683	DYMO CORPORATION	DYMO
92780709	DYMO CORPORATION	DYMO
92780717	DYMO CORPORATION	DYMO
92780725	DYMO CORPORATION	DYMO
92780733	DYMO CORPORATION	DYMO
92780741	DYMO CORPORATION	DYMO
92780758	DYMO CORPORATION	DYMO
92780766	DYMO CORPORATION	DYMO
92780774	DYMO CORPORATION	DYMO
92780782	DYMO CORPORATION	DYMO
92780790	DYMO CORPORATION	DYMO
92780808	DYMO CORPORATION	DYMO
92780816	DYMO CORPORATION	DYMO
92780824	DYMO CORPORATION	DYMO
92780832	DYMO CORPORATION	DYMO
92780840	DYMO CORPORATION	DYMO
92780857	DYMO CORPORATION	DYMO
92780865	DYMO CORPORATION	DYMO
92780873	DYMO CORPORATION	DYMO
92780899	DYMO CORPORATION	DYMO
92780907	DYMO CORPORATION	DYMO
92780923	DYMO CORPORATION	DYMO
92780931	DYMO CORPORATION	DYMO
92780949	DYMO CORPORATION	DYMO
92780956	DYMO CORPORATION	DYMO
92780964	DYMO CORPORATION	DYMO
92810399	Scientific Cutting Tools	SCIENTIFIC CUTTING TOOLS INC
93031193	APEX TOOL GROUP(COOPER TOOLS)	#NA
93062859	DYMO CORPORATION	DYMO
93427276	DYMO CORPORATION	DYMO
93427359	DYMO CORPORATION	DYMO
93437408	NOGA (MSRIN)2	#NA
93476505	NOGA (MSRIN)2	#NA
93626539	UNITED STATIONERS SUPPLY CO	#NA
93733061	Scientific Cutting Tools	SCIENTIFIC CUTTING TOOLS INC
93733079	Scientific Cutting Tools	SCIENTIFIC CUTTING TOOLS INC
93733087	Scientific Cutting Tools	SCIENTIFIC CUTTING TOOLS INC
94031069	APEX TOOL GROUP(COOPER TOOLS)	#NA
94487709	BRADY USA, INC.	#NA
94488152	BRADY USA, INC.	#NA
94516192	BRADY USA, INC.	#NA
95307922	HEXAGON METROLOGY (D)	#NA
95341715	HEXAGON METROLOGY (D)	#NA
95625786	CHANNELLOCK, INC.	#NA
96014394	CHANNELLOCK, INC.	#NA
96419247	Scientific Cutting Tools	SCIENTIFIC CUTTING TOOLS INC
96419254	Scientific Cutting Tools	SCIENTIFIC CUTTING TOOLS INC
96419262	Scientific Cutting Tools	SCIENTIFIC CUTTING TOOLS INC
96750930	DYMO CORPORATION	DYMO
96751094	DYMO CORPORATION	DYMO
97117576	HEXAGON METROLOGY (D)	#NA
97753834	FRED V. FOWLER COMPANY INC.	#NA
97894539	Scientific Cutting Tools	SCIENTIFIC CUTTING TOOLS INC
98006786	Scientific Cutting Tools	SCIENTIFIC CUTTING TOOLS INC
98720071	KLEIN TOOLS, INC.	#NA
99225096	FRED V. FOWLER COMPANY INC.	#NA
